"Qubit","T1 (us)","T2 (us)","Readout assignment error ","Prob meas0 prep1 ","Prob meas1 prep0 ","Readout length (ns)","ID error ","RX error ","Z-axis rotation (rz) error ","âˆšx (sx) error ","Pauli-X error ","CZ error ","RZZ error ","Gate time (ns)","Operational"
"0","213.67831328989078","171.53035206379013","0.0263671875","0.03125","0.021484375","2600","0.00016855856438510196","0.00016855856438510196","0","0.00016855856438510196","0.00016855856438510196","0_1:0.0026487002730533893","0_1:0.02024999999999999","0_1:68","true"
"1","243.2006086324176","343.9598535552747","0.5","1","0","2600","0.0001770378390428115","0.0001770378390428115","0","0.0001770378390428115","0.0001770378390428115","1_2:0.001808796265190038;1_0:0.0026487002730533893","1_2:0.00223801008889557;1_0:0.02024999999999999","1_2:68;1_0:68","true"
"2","169.47220781910988","67.28986261218058","0.03759765625","0.02978515625","0.04541015625","2600","0.00015863621970468416","0.00015863621970468416","0","0.00015863621970468416","0.00015863621970468416","2_1:0.001808796265190038;2_3:0.0014584491103850905","2_1:0.00223801008889557;2_3:0.0028336816710651247","2_1:68;2_3:68","true"
"3","303.84729849887634","75.66327588527254","0.049072265625","0.01123046875","0.0869140625","2600","0.00020271079697046864","0.00020271079697046864","0","0.00020271079697046864","0.00020271079697046864","3_16:0.0017148923925528747;3_2:0.0014584491103850905;3_4:0.0018080210247001516","3_16:0.0027392659397238728;3_2:0.0028336816710651247;3_4:0.0024716941634242984","3_16:68;3_2:68;3_4:68","true"
"4","187.88308589544096","69.28070915799354","0.0234375","0.041015625","0.005859375","2600","0.00028983751313630725","0.00028983751313630725","0","0.00028983751313630725","0.00028983751313630725","4_3:0.0018080210247001516;4_5:0.0026599804885787948","4_3:0.0024716941634242984;4_5:0.0029402581396359706","4_3:68;4_5:68","true"
"5","204.6550379226876","67.49534802460522","0.005615234375","0.0087890625","0.00244140625","2600","0.0002211095498952811","0.0002211095498952811","0","0.0002211095498952811","0.0002211095498952811","5_6:0.001662726524795155;5_4:0.0026599804885787948","5_6:0.003969390761931868;5_4:0.0029402581396359706","5_6:68;5_4:68","true"
"6","310.1659189573687","100.57943563683905","0.004638671875","0.00634765625","0.0029296875","2600","0.00019220989733563523","0.00019220989733563523","0","0.00019220989733563523","0.00019220989733563523","6_5:0.001662726524795155;6_7:0.0016608387196154761","6_5:0.003969390761931868;6_7:0.0036835686598281903","6_5:68;6_7:68","true"
"7","283.25428730750093","70.48676691678887","0.023193359375","0.02099609375","0.025390625","2600","0.0002094664983095018","0.0002094664983095018","0","0.0002094664983095018","0.0002094664983095018","7_17:0.0020750962511145166;7_6:0.0016608387196154761;7_8:0.0018999830775647542","7_17:0.002136606634816157;7_6:0.0036835686598281903;7_8:0.00434095318731037","7_17:68;7_6:68;7_8:68","true"
"8","216.51407251620398","265.69161770444197","0.003662109375","0.00732421875","0","2600","0.0001691938705369787","0.0001691938705369787","0","0.0001691938705369787","0.0001691938705369787","8_9:0.0012367766217190046;8_7:0.0018999830775647542","8_9:0.006710750750325428;8_7:0.00434095318731037","8_9:68;8_7:68","true"
"9","396.36188526192973","462.48145847834826","0.002685546875","0.00439453125","0.0009765625","2600","0.00018654386244023103","0.00018654386244023103","0","0.00018654386244023103","0.00018654386244023103","9_8:0.0012367766217190046;9_10:0.0217100714611973","9_8:0.006710750750325428;9_10:0.05816043567855961","9_8:68;9_10:68","true"
"10","233.70602595788628","325.7992719025048","0.018310546875","0.02978515625","0.0068359375","2600","0.002164813561602807","0.002164813561602807","0","0.002164813561602807","0.002164813561602807","10_9:0.0217100714611973;10_11:0.06479570424109377","10_9:0.05816043567855961;10_11:0.04885011588710039","10_9:68;10_11:68","true"
"11","321.55199645057417","29.340963451308024","0.005859375","0.01123046875","0.00048828125","2600","0.00019268094528851113","0.00019268094528851113","0","0.00019268094528851113","0.00019268094528851113","11_18:0.001748885446964693;11_10:0.06479570424109377;11_12:0.0029748046347743418","11_18:0.0019487595147426318;11_10:0.04885011588710039;11_12:0.0040543203992547405","11_18:68;11_10:68;11_12:68","true"
"12","301.9390391685148","55.01843428817831","0.00634765625","0.0107421875","0.001953125","2600","0.00015114432430873636","0.00015114432430873636","0","0.00015114432430873636","0.00015114432430873636","12_13:0.003980828688003146;12_11:0.0029748046347743418","12_13:0.006892329782290846;12_11:0.0040543203992547405","12_13:68;12_11:68","true"
"13","416.68988814910495","268.6502981447996","0.0087890625","0.0166015625","0.0009765625","2600","0.00040965257758977705","0.00040965257758977705","0","0.00040965257758977705","0.00040965257758977705","13_12:0.003980828688003146;13_14:0.0017881040073611798","13_12:0.006892329782290846;13_14:0.002135654392996428","13_12:68;13_14:68","true"
"14","242.9055128932768","253.93934944874235","0.00390625","0.00634765625","0.00146484375","2600","0.0001506201389415388","0.0001506201389415388","0","0.0001506201389415388","0.0001506201389415388","14_15:0.0014961292228190537;14_13:0.0017881040073611798","14_15:0.003646408642180743;14_13:0.002135654392996428","14_15:68;14_13:68","true"
"15","399.47707314654286","524.1666873281105","0.009765625","0.01953125","0","2600","0.0013042582641956302","0.0013042582641956302","0","0.0013042582641956302","0.0013042582641956302","15_14:0.0014961292228190537;15_19:0.0023487668183122257","15_14:0.003646408642180743;15_19:0.002144274527898865","15_14:68;15_19:68","true"
"16","194.67616879693415","104.76061347109761","0.01123046875","0.02001953125","0.00244140625","2600","0.0002262348663081589","0.0002262348663081589","0","0.0002262348663081589","0.0002262348663081589","16_23:0.0020673524588088743;16_3:0.0017148923925528747","16_23:0.0017766890398654145;16_3:0.0027392659397238728","16_23:68;16_3:68","true"
"17","229.68078584445755","93.42032336738113","0.005126953125","0.00537109375","0.0048828125","2600","0.00019982199778303378","0.00019982199778303378","0","0.00019982199778303378","0.00019982199778303378","17_7:0.0020750962511145166;17_27:0.0016247198374708949","17_7:0.002136606634816157;17_27:1","17_7:68;17_27:68","true"
"18","159.0894777289944","254.1612521211028","0.003173828125","0.00537109375","0.0009765625","2600","0.000166814622089979","0.000166814622089979","0","0.000166814622089979","0.000166814622089979","18_11:0.001748885446964693;18_31:0.0011936986750223921","18_11:0.0019487595147426318;18_31:0.0015207306947777888","18_11:68;18_31:68","true"
"19","325.3578890464791","285.01243510373337","0.005859375","0.01025390625","0.00146484375","2600","0.0001835855640174768","0.0001835855640174768","0","0.0001835855640174768","0.0001835855640174768","19_35:0.0051701082017364675;19_15:0.0023487668183122257","19_35:1;19_15:0.002144274527898865","19_35:96;19_15:68","true"
"20","252.76225906301207","237.8027867873278","0.004638671875","0.0087890625","0.00048828125","2600","0.00012760399439020327","0.00012760399439020327","0","0.00012760399439020327","0.00012760399439020327","20_21:0.0010040563091473775","20_21:0.001929444594169244","20_21:68","true"
"21","281.08001653966","224.40943940025966","0.011962890625","0.00830078125","0.015625","2600","0.000912259335451296","0.000912259335451296","0","0.000912259335451296","0.000912259335451296","21_36:0.0016775974838982022;21_20:0.0010040563091473775;21_22:0.0015415828843048929","21_36:0.0017315748856142343;21_20:0.001929444594169244;21_22:0.0025601915686716825","21_36:68;21_20:68;21_22:68","true"
"22","112.54004437881797","126.2124165423913","0.004150390625","0.0078125","0.00048828125","2600","0.0002835024671874958","0.0002835024671874958","0","0.0002835024671874958","0.0002835024671874958","22_23:0.0016995038677956598;22_21:0.0015415828843048929","22_23:0.004079266944509691;22_21:0.0025601915686716825","22_23:68;22_21:68","true"
"23","326.1334977816642","240.30715802222122","0.036376953125","0.046875","0.02587890625","2600","0.00028567995586738416","0.00028567995586738416","0","0.00028567995586738416","0.00028567995586738416","23_22:0.0016995038677956598;23_24:0.0015434453083063293;23_16:0.0020673524588088743","23_22:0.004079266944509691;23_24:0.0018591268319005927;23_16:0.0017766890398654145","23_22:68;23_24:68;23_16:68","true"
"24","359.6754933286818","95.20501071778216","0.0087890625","0.00927734375","0.00830078125","2600","0.000148170411951198","0.000148170411951198","0","0.000148170411951198","0.000148170411951198","24_23:0.0015434453083063293;24_25:0.0012708734125018994","24_23:0.0018591268319005927;24_25:0.0017734480708198885","24_23:68;24_25:68","true"
"25","203.4014830737954","77.43223820674037","0.009521484375","0.013671875","0.00537109375","2600","0.00028493203763290656","0.00028493203763290656","0","0.00028493203763290656","0.00028493203763290656","25_24:0.0012708734125018994;25_26:0.006312589848256056;25_37:0.0018660109144876813","25_24:0.0017734480708198885;25_26:1;25_37:0.0028553964814450328","25_24:68;25_26:80;25_37:68","true"
"26","166.93609737919448","89.21718342331712","0.00634765625","0.009765625","0.0029296875","2600","0.00020318074076735774","0.00020318074076735774","0","0.00020318074076735774","0.00020318074076735774","26_25:0.006312589848256056;26_27:0.002013195962804082","26_25:1;26_27:0.0029120384199918248","26_25:80;26_27:68","true"
"27","173.35765211095887","89.58388922077125","0.004638671875","0.00732421875","0.001953125","2600","0.00021095240631865717","0.00021095240631865717","0","0.00021095240631865717","0.00021095240631865717","27_26:0.002013195962804082;27_28:0.002579091859272631;27_17:0.0016247198374708949","27_26:0.0029120384199918248;27_28:0.004249955156503088;27_17:1","27_26:68;27_28:68;27_17:68","true"
"28","152.43053694999304","72.74812100304746","0.01025390625","0.0185546875","0.001953125","2600","0.0002897572681335612","0.0002897572681335612","0","0.0002897572681335612","0.0002897572681335612","28_27:0.002579091859272631;28_29:0.001466519381209369","28_27:0.004249955156503088;28_29:0.0033326045988547603","28_27:68;28_29:68","true"
"29","203.21713990322596","19.297776183862865","0.003662109375","0.00390625","0.00341796875","2600","0.00016859207116158968","0.00016859207116158968","0","0.00016859207116158968","0.00016859207116158968","29_38:0.00146986228120502;29_28:0.001466519381209369;29_30:0.0024435479477337707","29_38:0.002518383105834243;29_28:0.0033326045988547603;29_30:0.0032380035655723838","29_38:68;29_28:68;29_30:68","true"
"30","132.8113842099783","161.20170163908978","0.00439453125","0.00732421875","0.00146484375","2600","0.0001748118447271041","0.0001748118447271041","0","0.0001748118447271041","0.0001748118447271041","30_31:0.0013329104176424411;30_29:0.0024435479477337707","30_31:0.00326680384301431;30_29:0.0032380035655723838","30_31:68;30_29:68","true"
"31","282.31442301028943","177.58334011247985","0.00390625","0.005859375","0.001953125","2600","0.000224585819617563","0.000224585819617563","0","0.000224585819617563","0.000224585819617563","31_30:0.0013329104176424411;31_32:0.0034466874284438953;31_18:0.0011936986750223921","31_30:0.00326680384301431;31_32:0.002808211252788767;31_18:0.0015207306947777888","31_30:68;31_32:68;31_18:68","true"
"32","148.56036907038134","198.89822781621868","0.004150390625","0.00732421875","0.0009765625","2600","0.00015781950859688375","0.00015781950859688375","0","0.00015781950859688375","0.00015781950859688375","32_31:0.0034466874284438953;32_33:0.001064971741133569","32_31:0.002808211252788767;32_33:0.0025817093375340994","32_31:68;32_33:68","true"
"33","251.4211426292922","235.0596814785411","0.0029296875","0.005859375","0","2600","0.0002116622692873867","0.0002116622692873867","0","0.0002116622692873867","0.0002116622692873867","33_39:0.002261152045101966;33_32:0.001064971741133569;33_34:0.000770446634381694","33_39:0.003790428023329878;33_32:0.0025817093375340994;33_34:0.0012996708827856807","33_39:68;33_32:68;33_34:68","true"
"34","208.92549269784396","196.15106986589262","0.013427734375","0.02099609375","0.005859375","2600","0.00012928283172447565","0.00012928283172447565","0","0.00012928283172447565","0.00012928283172447565","34_33:0.000770446634381694;34_35:0.0014029453675830084","34_33:0.0012996708827856807;34_35:1","34_33:68;34_35:68","true"
"35","447.7515006230801","664.550044456571","0.00439453125","0.00634765625","0.00244140625","2600","0.00013955451952215114","0.00013955451952215114","0","0.00013955451952215114","0.00013955451952215114","35_19:0.0051701082017364675;35_34:0.0014029453675830084","35_19:1;35_34:1","35_19:96;35_34:68","true"
"36","111.00418534244729","162.61978097469407","0.00634765625","0.00830078125","0.00439453125","2600","0.0001826792553828018","0.0001826792553828018","0","0.0001826792553828018","0.0001826792553828018","36_41:0.002277684467602459;36_21:0.0016775974838982022","36_41:0.0029179522735614805;36_21:0.0017315748856142343","36_41:68;36_21:68","true"
"37","210.12786842844838","109.15491242540585","0.029052734375","0.02587890625","0.0322265625","2600","0.00020843420305021105","0.00020843420305021105","0","0.00020843420305021105","0.00020843420305021105","37_45:0.0015802912004738434;37_25:0.0018660109144876813","37_45:1;37_25:0.0028553964814450328","37_45:68;37_25:68","true"
"38","133.05034279217784","62.5368726125277","0.0078125","0.01220703125","0.00341796875","2600","0.00024314092956183566","0.00024314092956183566","0","0.00024314092956183566","0.00024314092956183566","38_29:0.00146986228120502;38_49:0.002289454047258749","38_29:0.002518383105834243;38_49:0.0025899620997455464","38_29:68;38_49:68","true"
"39","108.7667265498932","147.65861503816024","0.0068359375","0.01025390625","0.00341796875","2600","0.0003606196276352686","0.0003606196276352686","0","0.0003606196276352686","0.0003606196276352686","39_53:0.005497128920234379;39_33:0.002261152045101966","39_53:0.0031258331709244636;39_33:0.003790428023329878","39_53:68;39_33:68","true"
"40","200.47879725089803","119.91935831621815","0.0791015625","0.08056640625","0.07763671875","2600","0.00030761167311292093","0.00030761167311292093","0","0.00030761167311292093","0.00030761167311292093","40_41:0.0013803102285581403","40_41:0.0027429852983231473","40_41:68","true"
"41","77.92939104626261","25.5550638995537","0.01123046875","0.0224609375","0","2600","0.0003747798460284945","0.0003747798460284945","0","0.0003747798460284945","0.0003747798460284945","41_40:0.0013803102285581403;41_42:0.0017470701339682704;41_36:0.002277684467602459","41_40:0.0027429852983231473;41_42:0.003659530160523311;41_36:0.0029179522735614805","41_40:68;41_42:68;41_36:68","true"
"42","171.5952762590899","69.69669907081948","0.0703125","0.0498046875","0.0908203125","2600","0.00040584090129554604","0.00040584090129554604","0","0.00040584090129554604","0.00040584090129554604","42_41:0.0017470701339682704;42_43:0.0019924918158547023","42_41:0.003659530160523311;42_43:0.0025327896206924494","42_41:68;42_43:68","true"
"43","176.76177722453593","218.13806607160868","0.003662109375","0.005859375","0.00146484375","2600","0.00012299540117650034","0.00012299540117650034","0","0.00012299540117650034","0.00012299540117650034","43_42:0.0019924918158547023;43_56:0.010290114264103728;43_44:0.0011235430301767546","43_42:0.0025327896206924494;43_56:0.0029567113530437894;43_44:0.0033372625099810094","43_42:68;43_56:68;43_44:68","true"
"44","345.4384017892121","469.4062665212349","0.021240234375","0.02001953125","0.0224609375","2600","0.00020444582147944907","0.00020444582147944907","0","0.00020444582147944907","0.00020444582147944907","44_45:0.0023287090122748044;44_43:0.0011235430301767546","44_45:1;44_43:0.0033372625099810094","44_45:68;44_43:68","true"
"45","379.9161367333843","310.5203369682514","0.00341796875","0.00634765625","0.00048828125","2600","0.00047419726191509875","0.00047419726191509875","0","0.00047419726191509875","0.00047419726191509875","45_44:0.0023287090122748044;45_46:0.001499806114835578;45_37:0.0015802912004738434","45_44:1;45_46:0.001994487484764912;45_37:1","45_44:68;45_46:68;45_37:68","true"
"46","288.598558640051","67.04225878855193","0.011962890625","0.021484375","0.00244140625","2600","0.00013621010178822658","0.00013621010178822658","0","0.00013621010178822658","0.00013621010178822658","46_45:0.001499806114835578;46_47:0.002089349316224176","46_45:0.001994487484764912;46_47:0.0020553485486547174","46_45:68;46_47:68","true"
"47","327.6523203426079","273.10348176037763","0.00244140625","0.00390625","0.0009765625","2600","0.0009549463600966281","0.0009549463600966281","0","0.0009549463600966281","0.0009549463600966281","47_48:0.0022620155780325446;47_57:0.0034155546449010643;47_46:0.002089349316224176","47_48:0.002586386285597847;47_57:0.003990509721332747;47_46:0.0020553485486547174","47_48:68;47_57:68;47_46:68","true"
"48","252.1316608582523","121.19176899498402","0.02294921875","0.02880859375","0.01708984375","2600","0.000275051783802792","0.000275051783802792","0","0.000275051783802792","0.000275051783802792","48_47:0.0022620155780325446;48_49:0.0020232406161818095","48_47:0.002586386285597847;48_49:0.0027044791919872413","48_47:68;48_49:68","true"
"49","212.6026617161005","251.16166578483234","0.00439453125","0.00830078125","0.00048828125","2600","0.000264952496596873","0.000264952496596873","0","0.000264952496596873","0.000264952496596873","49_48:0.0020232406161818095;49_50:0.0015930725565035664;49_38:0.002289454047258749","49_48:0.0027044791919872413;49_50:0.003273949652669944;49_38:0.0025899620997455464","49_48:68;49_50:68;49_38:68","true"
"50","245.1477620598082","292.80147129389223","0.00439453125","0.005859375","0.0029296875","2600","0.0002737956738226362","0.0002737956738226362","0","0.0002737956738226362","0.0002737956738226362","50_49:0.0015930725565035664;50_51:0.0015896508244119811","50_49:0.003273949652669944;50_51:0.0023912849762151023","50_49:68;50_51:68","true"
"51","353.6856541276994","202.37068129380094","0.004638671875","0.00830078125","0.0009765625","2600","0.00014493421448844523","0.00014493421448844523","0","0.00014493421448844523","0.00014493421448844523","51_50:0.0015896508244119811;51_52:0.0015984725863211202;51_58:0.0010728607479840169","51_50:0.0023912849762151023;51_52:0.0014192620904814601;51_58:0.0038581279901217236","51_50:68;51_52:68;51_58:68","true"
"52","216.23666709373512","244.01677797114823","0.00390625","0.0068359375","0.0009765625","2600","0.0002666468216946843","0.0002666468216946843","0","0.0002666468216946843","0.0002666468216946843","52_51:0.0015984725863211202;52_53:0.005491666547855711","52_51:0.0014192620904814601;52_53:0.0030541714122861996","52_51:68;52_53:68","true"
"53","125.84323590742426","148.98090666554228","0.008544921875","0.01708984375","0","2600","0.00022563142853086355","0.00022563142853086355","0","0.00022563142853086355","0.00022563142853086355","53_39:0.005497128920234379;53_52:0.005491666547855711;53_54:0.004627399010796007","53_39:0.0031258331709244636;53_52:0.0030541714122861996;53_54:0.004294936823640183","53_39:68;53_52:68;53_54:68","true"
"54","274.8927127403655","229.54011497553583","0.019775390625","0.01708984375","0.0224609375","2600","0.0006776607444912276","0.0006776607444912276","0","0.0006776607444912276","0.0006776607444912276","54_53:0.004627399010796007;54_55:0.002187973508536889","54_53:0.004294936823640183;54_55:0.003717781970657502","54_53:68;54_55:68","true"
"55","132.44168868060672","72.06846591688033","0.028076171875","0.02392578125","0.0322265625","2600","0.00021059955640923778","0.00021059955640923778","0","0.00021059955640923778","0.00021059955640923778","55_59:0.0017770929154865556;55_54:0.002187973508536889","55_59:0.002879544709946641;55_54:0.003717781970657502","55_59:68;55_54:68","true"
"56","267.645222277884","394.77729463396963","0.0068359375","0.01220703125","0.00146484375","2600","0.000143742783075979","0.000143742783075979","0","0.000143742783075979","0.000143742783075979","56_63:0.009611147464914677;56_43:0.010290114264103728","56_63:0.002631044159356083;56_43:0.0029567113530437894","56_63:80;56_43:68","true"
"57","226.31444939198602","253.92089228207254","0.0029296875","0.00537109375","0.00048828125","2600","0.00017619840447253286","0.00017619840447253286","0","0.00017619840447253286","0.00017619840447253286","57_47:0.0034155546449010643;57_67:0.00718437488903495","57_47:0.003990509721332747;57_67:0.002587841426488824","57_47:68;57_67:100","true"
"58","124.87489801901657","201.33984660379133","0.032958984375","0.03759765625","0.0283203125","2600","0.00011803932971792837","0.00011803932971792837","0","0.00011803932971792837","0.00011803932971792837","58_71:0.0022345242935734866;58_51:0.0010728607479840169","58_71:0.002593307800761252;58_51:0.0038581279901217236","58_71:68;58_51:68","true"
"59","249.41015963063342","60.87088623652675","0.040283203125","0.03076171875","0.0498046875","2600","0.00026538698763710724","0.00026538698763710724","0","0.00026538698763710724","0.00026538698763710724","59_55:0.0017770929154865556;59_75:0.001519813377494017","59_55:0.002879544709946641;59_75:0.0028608719177337094","59_55:68;59_75:68","true"
"60","139.5350480826281","81.18213698022771","0.015625","0.0205078125","0.0107421875","2600","0.00019460311722170438","0.00019460311722170438","0","0.00019460311722170438","0.00019460311722170438","60_61:0.002100405930397564","60_61:0.0018410691084466135","60_61:68","true"
"61","223.23760962758914","316.6549878768086","0.0048828125","0.00927734375","0.00048828125","2600","0.00022932274587626622","0.00022932274587626622","0","0.00022932274587626622","0.00022932274587626622","61_76:0.0037380805297135555;61_60:0.002100405930397564;61_62:0.0014432379432555431","61_76:0.007322372622412393;61_60:0.0018410691084466135;61_62:0.0033066292959101906","61_76:68;61_60:68;61_62:68","true"
"62","127.07517777363442","192.40354286644964","0.00390625","0.0068359375","0.0009765625","2600","0.00019181934905261225","0.00019181934905261225","0","0.00019181934905261225","0.00019181934905261225","62_61:0.0014432379432555431;62_63:0.0015161742902797815","62_61:0.0033066292959101906;62_63:0.0034694502013064843","62_61:68;62_63:68","true"
"63","327.88347516513187","340.70339720236854","0.00390625","0.0078125","0","2600","0.00009742827900794818","0.00009742827900794818","0","0.00009742827900794818","0.00009742827900794818","63_56:0.009611147464914677;63_62:0.0015161742902797815;63_64:0.0018727487582016478","63_56:0.002631044159356083;63_62:0.0034694502013064843;63_64:0.0020119811790982045","63_56:80;63_62:68;63_64:68","true"
"64","185.71223145223388","234.07821807972127","0.00439453125","0.00732421875","0.00146484375","2600","0.0002020193358216065","0.0002020193358216065","0","0.0002020193358216065","0.0002020193358216065","64_65:0.0017544057122237666;64_63:0.0018727487582016478","64_65:0.0020816008093246796;64_63:0.0020119811790982045","64_65:68;64_63:68","true"
"65","177.84332305603266","131.2314874614018","0.041259765625","0.03955078125","0.04296875","2600","0.00012002437833801999","0.00012002437833801999","0","0.00012002437833801999","0.00012002437833801999","65_64:0.0017544057122237666;65_66:0.0013635154181051157;65_77:0.0018618818839201412","65_64:0.0020816008093246796;65_66:0.004164359787122124;65_77:0.0031382539413936372","65_64:68;65_66:68;65_77:68","true"
"66","77.83118564799801","102.09790259410396","0.014892578125","0.02197265625","0.0078125","2600","0.00032143083749733845","0.00032143083749733845","0","0.00032143083749733845","0.00032143083749733845","66_65:0.0013635154181051157;66_67:0.004175017132966585","66_65:0.004164359787122124;66_67:0.0028188901951702316","66_65:68;66_67:68","true"
"67","223.4252991372777","293.213897452664","0.004638671875","0.00634765625","0.0029296875","2600","0.00015930976455218128","0.00015930976455218128","0","0.00015930976455218128","0.00015930976455218128","67_68:0.009813326107507403;67_57:0.00718437488903495;67_66:0.004175017132966585","67_68:0.0037762228892565253;67_57:0.002587841426488824;67_66:0.0028188901951702316","67_68:68;67_57:100;67_66:68","true"
"68","169.44934394433466","146.03663900256967","0.017578125","0.01611328125","0.01904296875","2600","0.00014481106158776224","0.00014481106158776224","0","0.00014481106158776224","0.00014481106158776224","68_67:0.009813326107507403;68_69:0.001606197118359548","68_67:0.0037762228892565253;68_69:0.0033705026912654867","68_67:68;68_69:68","true"
"69","126.72775932070763","186.22129104686303","0.0068359375","0.01318359375","0.00048828125","2600","0.0005011990770118059","0.0005011990770118059","0","0.0005011990770118059","0.0005011990770118059","69_78:0.0020014968791721433;69_68:0.001606197118359548;69_70:0.001992287400428866","69_78:0.0029072567725385023;69_68:0.0033705026912654867;69_70:0.002813112006972124","69_78:68;69_68:68;69_70:68","true"
"70","108.5344014982926","148.46119024022593","0.004638671875","0.00927734375","0","2600","0.0002886373442232734","0.0002886373442232734","0","0.0002886373442232734","0.0002886373442232734","70_69:0.001992287400428866;70_71:0.08957903059033838","70_69:0.002813112006972124;70_71:0.24991080591417844","70_69:68;70_71:88","true"
"71","264.8990745712979","229.2329445963261","0.0078125","0.0146484375","0.0009765625","2600","0.00033829453772967003","0.00033829453772967003","0","0.00033829453772967003","0.00033829453772967003","71_72:0.005688527377059049;71_58:0.0022345242935734866;71_70:0.08957903059033838","71_72:0.006497264763419497;71_58:0.002593307800761252;71_70:0.24991080591417844","71_72:68;71_58:68;71_70:88","true"
"72","318.6270237655215","354.6633553524219","0.015869140625","0.015625","0.01611328125","2600","0.0004200074823430464","0.0004200074823430464","0","0.0004200074823430464","0.0004200074823430464","72_73:0.04705335980308714;72_71:0.005688527377059049","72_73:0.17173657742011392;72_71:0.006497264763419497","72_73:80;72_71:68","true"
"73","287.872365658203","311.0165825532767","0.05029296875","0.06298828125","0.03759765625","2600","0.00019480210195070737","0.00019480210195070737","0","0.00019480210195070737","0.00019480210195070737","73_72:0.04705335980308714;73_74:0.0014177549911663923;73_79:0.0016773602127594656","73_72:0.17173657742011392;73_74:0.004090673801719874;73_79:0.0025386419833176854","73_72:80;73_74:68;73_79:68","true"
"74","302.65639134249557","261.49003944509514","0.0224609375","0.0244140625","0.0205078125","2600","0.00016625203554914623","0.00016625203554914623","0","0.00016625203554914623","0.00016625203554914623","74_73:0.0014177549911663923;74_75:0.007341331157782627","74_73:0.004090673801719874;74_75:0.00775764940012888","74_73:68;74_75:76","true"
"75","196.72874006773634","143.76580538363885","0.015869140625","0.02099609375","0.0107421875","2600","0.0001752704551697018","0.0001752704551697018","0","0.0001752704551697018","0.0001752704551697018","75_59:0.001519813377494017;75_74:0.007341331157782627","75_59:0.0028608719177337094;75_74:0.00775764940012888","75_59:68;75_74:76","true"
"76","26.962443529478307","47.07525534557829","0.013916015625","0.02294921875","0.0048828125","2600","0.00045890583309814566","0.00045890583309814566","0","0.00045890583309814566","0.00045890583309814566","76_81:0.0033451373090513936;76_61:0.0037380805297135555","76_81:0.006207404620652585;76_61:0.007322372622412393","76_81:68;76_61:68","true"
"77","92.25660201543948","157.37054082002385","0.0654296875","0.0595703125","0.0712890625","2600","0.00018085507097276765","0.00018085507097276765","0","0.00018085507097276765","0.00018085507097276765","77_85:0.005654856304641298;77_65:0.0018618818839201412","77_85:0.003838365975720265;77_65:0.0031382539413936372","77_85:68;77_65:68","true"
"78","113.25417831006884","92.84259590940968","0.003662109375","0.0068359375","0.00048828125","2600","0.000242014936377035","0.000242014936377035","0","0.000242014936377035","0.000242014936377035","78_69:0.0020014968791721433;78_89:0.0018441589940726977","78_69:0.0029072567725385023;78_89:0.002052981232688489","78_69:68;78_89:68","true"
"79","182.9434307324773","289.85443909328177","0.009765625","0.01513671875","0.00439453125","2600","0.00018181874172359833","0.00018181874172359833","0","0.00018181874172359833","0.00018181874172359833","79_93:0.0014550003183319005;79_73:0.0016773602127594656","79_93:0.0027419787122400507;79_73:0.0025386419833176854","79_93:68;79_73:68","true"
"80","150.9949675239066","117.35123540504559","0.00390625","0.00634765625","0.00146484375","2600","0.00025169039521554925","0.00025169039521554925","0","0.00025169039521554925","0.00025169039521554925","80_81:0.0022419872879635427","80_81:0.002548038268290337","80_81:68","true"
"81","193.56239257077843","268.5775979636685","0.005126953125","0.00927734375","0.0009765625","2600","0.00046856658121832646","0.00046856658121832646","0","0.00046856658121832646","0.00046856658121832646","81_80:0.0022419872879635427;81_82:0.002871437326262244;81_76:0.0033451373090513936","81_80:0.002548038268290337;81_82:0.0021834366026747543;81_76:0.006207404620652585","81_80:68;81_82:68;81_76:68","true"
"82","169.98999412711436","239.28613786325968","0.003662109375","0.005859375","0.00146484375","2600","0.00035305927207705524","0.00035305927207705524","0","0.00035305927207705524","0.00035305927207705524","82_81:0.002871437326262244;82_83:0.0017002921847958374","82_81:0.0021834366026747543;82_83:1","82_81:68;82_83:68","true"
"83","157.46668275843186","130.36343438170968","0.0078125","0.00830078125","0.00732421875","2600","0.00024487901320094493","0.00024487901320094493","0","0.00024487901320094493","0.00024487901320094493","83_96:0.003735875632790181;83_82:0.0017002921847958374;83_84:0.0013149343561304483","83_96:0.0030112908306733632;83_82:1;83_84:0.0028628221784291197","83_96:68;83_82:68;83_84:68","true"
"84","252.42906131250518","473.1974865995658","0.01025390625","0.01220703125","0.00830078125","2600","0.00008747712153043879","0.00008747712153043879","0","0.00008747712153043879","0.00008747712153043879","84_83:0.0013149343561304483;84_85:0.006511972031859742","84_83:0.0028628221784291197;84_85:0.010243742469734002","84_83:68;84_85:68","true"
"85","368.84190751793005","494.80701349713047","0.00439453125","0.0078125","0.0009765625","2600","0.00023263696784182536","0.00023263696784182536","0","0.00023263696784182536","0.00023263696784182536","85_77:0.005654856304641298;85_86:0.01516399337917515;85_84:0.006511972031859742","85_77:0.003838365975720265;85_86:0.007791897976782147;85_84:0.010243742469734002","85_77:68;85_86:68;85_84:68","true"
"86","179.03858885496905","212.86944831841478","0.00390625","0.00537109375","0.00244140625","2600","0.0005694978314443956","0.0005694978314443956","0","0.0005694978314443956","0.0005694978314443956","86_85:0.01516399337917515;86_87:0.025564538543344645","86_85:0.007791897976782147;86_87:1","86_85:68;86_87:168","true"
"87","177.56884886670287","272.6731472265412","0.00537109375","0.00830078125","0.00244140625","2600","0.0002356045817000275","0.0002356045817000275","0","0.0002356045817000275","0.0002356045817000275","87_86:0.025564538543344645;87_88:0.00960848215679655;87_97:0.010064356183743017","87_86:1;87_88:1;87_97:0.00421784347206039","87_86:168;87_88:108;87_97:84","true"
"88","197.3889006973454","255.79925114568115","0.006103515625","0.0068359375","0.00537109375","2600","0.0003146726477105623","0.0003146726477105623","0","0.0003146726477105623","0.0003146726477105623","88_87:0.00960848215679655;88_89:0.0006391041169042377","88_87:1;88_89:0.0018855212784224251","88_87:108;88_89:68","true"
"89","342.3122726342368","284.973117828084","0.00244140625","0.0048828125","0","2600","0.00014318038037369326","0.00014318038037369326","0","0.00014318038037369326","0.00014318038037369326","89_90:0.001686809247076454;89_88:0.0006391041169042377;89_78:0.0018441589940726977","89_90:0.0020987589376470217;89_88:0.0018855212784224251;89_78:0.002052981232688489","89_90:68;89_88:68;89_78:68","true"
"90","188.44724442994462","108.73220636865211","0.00341796875","0.00537109375","0.00146484375","2600","0.0001213215501457592","0.0001213215501457592","0","0.0001213215501457592","0.0001213215501457592","90_89:0.001686809247076454;90_91:0.002262797210038414","90_89:0.0020987589376470217;90_91:0.00517790864841422","90_89:68;90_91:68","true"
"91","201.1878380610663","259.2522590916123","0.007568359375","0.00732421875","0.0078125","2600","0.0002689147511884633","0.0002689147511884633","0","0.0002689147511884633","0.0002689147511884633","91_98:0.002022409067265002;91_90:0.002262797210038414;91_92:0.012630827821219132","91_98:0.003114116345904916;91_90:0.00517790864841422;91_92:0.012608502946403255","91_98:68;91_90:68;91_92:68","true"
"92","204.81004179980985","169.87723278757935","0.0263671875","0.0244140625","0.0283203125","2600","0.0000853797573456102","0.0000853797573456102","0","0.0000853797573456102","0.0000853797573456102","92_91:0.012630827821219132;92_93:0.000963084684558746","92_91:0.012608502946403255;92_93:0.0018069488890901375","92_91:68;92_93:68","true"
"93","191.4001468910894","238.44247159707933","0.005615234375","0.01123046875","0","2600","0.0001270024997745184","0.0001270024997745184","0","0.0001270024997745184","0.0001270024997745184","93_94:0.0014941281053761357;93_79:0.0014550003183319005;93_92:0.000963084684558746","93_94:0.0018026146281197308;93_79:0.0027419787122400507;93_92:0.0018069488890901375","93_94:68;93_79:68;93_92:68","true"
"94","255.6335898720393","281.03546032020716","0.0126953125","0.01318359375","0.01220703125","2600","0.0003098197519454788","0.0003098197519454788","0","0.0003098197519454788","0.0003098197519454788","94_93:0.0014941281053761357;94_95:0.0016665147354116006","94_93:0.0018026146281197308;94_95:0.002666961489023262","94_93:68;94_95:68","true"
"95","270.3791211025327","405.35693903349227","0.0029296875","0.00439453125","0.00146484375","2600","0.000188746474598991","0.000188746474598991","0","0.000188746474598991","0.000188746474598991","95_99:0.0005840151801617399;95_94:0.0016665147354116006","95_99:0.0018842357253593123;95_94:0.002666961489023262","95_99:68;95_94:68","true"
"96","181.20587278095303","31.04920082127851","0.008056640625","0.01123046875","0.0048828125","2600","0.00016657138428595103","0.00016657138428595103","0","0.00016657138428595103","0.00016657138428595103","96_83:0.003735875632790181;96_103:0.0024577205197796326","96_83:0.0030112908306733632;96_103:0.0035331211000724227","96_83:68;96_103:68","true"
"97","127.63922891657656","215.4156741767296","0.006103515625","0.01123046875","0.0009765625","2600","0.00023196728773179629","0.00023196728773179629","0","0.00023196728773179629","0.00023196728773179629","97_87:0.010064356183743017;97_107:0.0026634906345887333","97_87:0.00421784347206039;97_107:0.0020829181456298307","97_87:84;97_107:68","true"
"98","356.70436323563587","539.5745133409464","0.0029296875","0.00537109375","0.00048828125","2600","0.00012205398968461397","0.00012205398968461397","0","0.00012205398968461397","0.00012205398968461397","98_91:0.002022409067265002;98_111:0.0015466472589801827","98_91:0.003114116345904916;98_111:0.0028828007242034936","98_91:68;98_111:68","true"
"99","318.201167068153","301.9168547975011","0.0029296875","0.00244140625","0.00341796875","2600","0.00011918824186314104","0.00011918824186314104","0","0.00011918824186314104","0.00011918824186314104","99_115:0.0016144139257400492;99_95:0.0005840151801617399","99_115:0.0017099326579340102;99_95:0.0018842357253593123","99_115:68;99_95:68","true"
"100","219.2979584175262","45.326420661704525","0.00390625","0.0068359375","0.0009765625","2600","0.0001383370417488147","0.0001383370417488147","0","0.0001383370417488147","0.0001383370417488147","100_101:0.0009253598347504777","100_101:0.0026940281517747744","100_101:68","true"
"101","190.1296687637919","202.62411942129486","0.003173828125","0.00537109375","0.0009765625","2600","0.00016772722819727407","0.00016772722819727407","0","0.00016772722819727407","0.00016772722819727407","101_100:0.0009253598347504777;101_116:0.0014232903283107057;101_102:0.0012729343995639963","101_100:0.0026940281517747744;101_116:0.0019559481351366648;101_102:0.0017420575648278425","101_100:68;101_116:68;101_102:68","true"
"102","143.36601730389015","207.91070628890935","0.006591796875","0.01171875","0.00146484375","2600","0.00015459670584968942","0.00015459670584968942","0","0.00015459670584968942","0.00015459670584968942","102_101:0.0012729343995639963;102_103:0.0014656068167520353","102_101:0.0017420575648278425;102_103:0.0037457252739942493","102_101:68;102_103:68","true"
"103","219.4682243892074","325.85590337685016","0.003662109375","0.005859375","0.00146484375","2600","0.000132515541439509","0.000132515541439509","0","0.000132515541439509","0.000132515541439509","103_104:0.0038949920214289002;103_96:0.0024577205197796326;103_102:0.0014656068167520353","103_104:0.001937495163212316;103_96:0.0035331211000724227;103_102:0.0037457252739942493","103_104:68;103_96:68;103_102:68","true"
"104","268.0176320556729","399.9358085186706","0.00390625","0.00439453125","0.00341796875","2600","0.00013383363401291804","0.00013383363401291804","0","0.00013383363401291804","0.00013383363401291804","104_103:0.0038949920214289002;104_105:0.0015848005575375967","104_103:0.001937495163212316;104_105:0.0026322998456062563","104_103:68;104_105:68","true"
"105","128.7691945192536","133.23671119288394","0.0029296875","0.00537109375","0.00048828125","2600","0.00021796065969225854","0.00021796065969225854","0","0.00021796065969225854","0.00021796065969225854","105_104:0.0015848005575375967;105_106:0.0017738705086542683;105_117:0.0017713175868530606","105_104:0.0026322998456062563;105_106:0.004609651547279048;105_117:0.002674926080832196","105_104:68;105_106:68;105_117:68","true"
"106","260.09563801044976","236.27721139676112","0.0078125","0.01513671875","0.00048828125","2600","0.00031587479066129865","0.00031587479066129865","0","0.00031587479066129865","0.00031587479066129865","106_107:0.003690599438819525;106_105:0.0017738705086542683","106_107:0.002919134333650125;106_105:0.004609651547279048","106_107:68;106_105:68","true"
"107","204.6051244698547","183.03053748583147","0.00634765625","0.01171875","0.0009765625","2600","0.00017788650196591503","0.00017788650196591503","0","0.00017788650196591503","0.00017788650196591503","107_106:0.003690599438819525;107_108:0.0027489926684612642;107_97:0.0026634906345887333","107_106:0.002919134333650125;107_108:0.0032756510073618794;107_97:0.0020829181456298307","107_106:68;107_108:68;107_97:68","true"
"108","221.214387232596","24.903065240977785","0.012451171875","0.01416015625","0.0107421875","2600","0.00032777378602724173","0.00032777378602724173","0","0.00032777378602724173","0.00032777378602724173","108_107:0.0027489926684612642;108_109:0.001644869869888349","108_107:0.0032756510073618794;108_109:0.003060069394723669","108_107:68;108_109:68","true"
"109","382.12306455559536","72.74874062006161","0.001953125","0.0029296875","0.0009765625","2600","0.00014880157326640822","0.00014880157326640822","0","0.00014880157326640822","0.00014880157326640822","109_108:0.001644869869888349;109_110:0.003740736634762043;109_118:0.0015474519209149329","109_108:0.003060069394723669;109_110:0.004615921565072706;109_118:0.0024188824449407897","109_108:68;109_110:68;109_118:68","true"
"110","191.14925520924106","180.64567720240905","0.007080078125","0.01318359375","0.0009765625","2600","0.001433714664070786","0.001433714664070786","0","0.001433714664070786","0.001433714664070786","110_109:0.003740736634762043;110_111:0.004694366722014731","110_109:0.004615921565072706;110_111:0.006965547188651444","110_109:68;110_111:68","true"
"111","207.71012231923214","81.45597830747681","0.002197265625","0.00390625","0.00048828125","2600","0.00024544211859981135","0.00024544211859981135","0","0.00024544211859981135","0.00024544211859981135","111_112:0.0015612469457640388;111_110:0.004694366722014731;111_98:0.0015466472589801827","111_112:0.003257409042948217;111_110:0.006965547188651444;111_98:0.0028828007242034936","111_112:68;111_110:68;111_98:68","true"
"112","155.96658509071582","243.40219418497264","0.006591796875","0.01025390625","0.0029296875","2600","0.0001573130792470901","0.0001573130792470901","0","0.0001573130792470901","0.0001573130792470901","112_111:0.0015612469457640388;112_113:0.0014169626766002696","112_111:0.003257409042948217;112_113:0.0028503989660802753","112_111:68;112_113:68","true"
"113","279.4690302225708","319.7777053406757","0.003662109375","0.0068359375","0.00048828125","2600","0.00017988292938532767","0.00017988292938532767","0","0.00017988292938532767","0.00017988292938532767","113_119:0.004443459541335598;113_112:0.0014169626766002696;113_114:0.025879494953033766","113_119:0.006600405305542456;113_112:0.0028503989660802753;113_114:0.01938185462193026","113_119:68;113_112:68;113_114:68","true"
"114","98.19560320425249","18.38185242365947","0.02685546875","0.04931640625","0.00439453125","2600","0.0035988168058058274","0.0035988168058058274","0","0.0035988168058058274","0.0035988168058058274","114_115:0.022955626570420384;114_113:0.025879494953033766","114_115:0.016961367681117084;114_113:0.01938185462193026","114_115:68;114_113:68","true"
"115","192.21160948539935","254.50860876453999","0.005126953125","0.00830078125","0.001953125","2600","0.0002945625455754679","0.0002945625455754679","0","0.0002945625455754679","0.0002945625455754679","115_99:0.0016144139257400492;115_114:0.022955626570420384","115_99:0.0017099326579340102;115_114:0.016961367681117084","115_99:68;115_114:68","true"
"116","99.76496077610712","42.349206560707046","0.006591796875","0.009765625","0.00341796875","2600","0.00023188892110036154","0.00023188892110036154","0","0.00023188892110036154","0.00023188892110036154","116_101:0.0014232903283107057;116_121:0.0014802456299788935","116_101:0.0019559481351366648;116_121:0.0035198533916496744","116_101:68;116_121:68","true"
"117","144.27115044573344","215.1791836548534","0.00439453125","0.00830078125","0.00048828125","2600","0.0001908632805838189","0.0001908632805838189","0","0.0001908632805838189","0.0001908632805838189","117_105:0.0017713175868530606;117_125:0.0015838364639571278","117_105:0.002674926080832196;117_125:0.0021025016729074864","117_105:68;117_125:68","true"
"118","300.3575702865342","168.6905577281119","0.00732421875","0.0087890625","0.005859375","2600","0.0002874429240863082","0.0002874429240863082","0","0.0002874429240863082","0.0002874429240863082","118_109:0.0015474519209149329;118_129:0.0018240386056731506","118_109:0.0024188824449407897;118_129:0.0022454854894896903","118_109:68;118_129:68","true"
"119","222.5440247926172","16.041960131003467","0.01904296875","0.02880859375","0.00927734375","2600","0.001056218876940887","0.001056218876940887","0","0.001056218876940887","0.001056218876940887","119_113:0.004443459541335598;119_133:0.007468234547259978","119_113:0.006600405305542456;119_133:0.008087203520390052","119_113:68;119_133:68","true"
"120","195.0964299085069","106.52397522001515","0.0146484375","0.0263671875","0.0029296875","2600","0.00011576197037243364","0.00011576197037243364","0","0.00011576197037243364","0.00011576197037243364","120_121:0.0012808667904199988","120_121:0.0019071993710989832","120_121:68","true"
"121","173.83889438420113","86.28790553991466","0.008544921875","0.01611328125","0.0009765625","2600","0.00031692296847590806","0.00031692296847590806","0","0.00031692296847590806","0.00031692296847590806","121_120:0.0012808667904199988;121_122:0.0018870932359437709;121_116:0.0014802456299788935","121_120:0.0019071993710989832;121_122:1;121_116:0.0035198533916496744","121_120:68;121_122:68;121_116:68","true"
"122","139.31793664599618","148.66334412047078","0.03369140625","0.06640625","0.0009765625","2600","0.0002077805316486935","0.0002077805316486935","0","0.0002077805316486935","0.0002077805316486935","122_121:0.0018870932359437709;122_123:0.024249577531418293","122_121:1;122_123:0.005586183635262948","122_121:68;122_123:68","true"
"123","246.01884063590992","90.00538246922423","0.01123046875","0.0185546875","0.00390625","2600","0.00029119322847656306","0.00029119322847656306","0","0.00029119322847656306","0.00029119322847656306","123_136:0.0021544678615036117;123_124:0.0018034139851796083;123_122:0.024249577531418293","123_136:0.002996256210020698;123_124:0.0025345614690100715;123_122:0.005586183635262948","123_136:68;123_124:68;123_122:68","true"
"124","207.60779769248532","215.93496555368023","0.04345703125","0.025390625","0.0615234375","2600","0.00024757667531678313","0.00024757667531678313","0","0.00024757667531678313","0.00024757667531678313","124_123:0.0018034139851796083;124_125:0.001427541269760052","124_123:0.0025345614690100715;124_125:0.0018765887947508608","124_123:68;124_125:68","true"
"125","133.83372497853262","144.91282386628143","0.13916015625","0.00146484375","0.27685546875","2600","0.00016370434432104648","0.00016370434432104648","0","0.00016370434432104648","0.00016370434432104648","125_117:0.0015838364639571278;125_124:0.001427541269760052;125_126:1","125_117:0.0021025016729074864;125_124:0.0018765887947508608;125_126:0.04026562013133361","125_117:68;125_124:68;125_126:68","true"
"126","264.8353066245943","299.82051919635757","0.5","0","1","2600","0.00029879584571824443","0.00029879584571824443","0","0.00029879584571824443","0.00029879584571824443","126_127:0.0015130604109937773;126_125:1","126_127:0.005412751324772924;126_125:0.04026562013133361","126_127:68;126_125:68","true"
"127","174.423687861492","66.03092476789743","0.00830078125","0.00927734375","0.00732421875","2600","0.00022301707857471162","0.00022301707857471162","0","0.00022301707857471162","0.00022301707857471162","127_126:0.0015130604109937773;127_128:0.0016495735773755238;127_137:0.20112566149334463","127_126:0.005412751324772924;127_128:0.0018456546252283157;127_137:0.008442549986872189","127_126:68;127_128:68;127_137:128","true"
"128","245.67863969698803","323.5095836033364","0.056884765625","0.029296875","0.08447265625","2600","0.00018181189768726262","0.00018181189768726262","0","0.00018181189768726262","0.00018181189768726262","128_127:0.0016495735773755238;128_129:0.0015998038589851438","128_127:0.0018456546252283157;128_129:0.002217287892548686","128_127:68;128_129:68","true"
"129","247.8977238985408","360.08974572013386","0.005615234375","0.01123046875","0","2600","0.00018371589510600625","0.00018371589510600625","0","0.00018371589510600625","0.00018371589510600625","129_130:0.0010665887896702253;129_128:0.0015998038589851438;129_118:0.0018240386056731506","129_130:0.002165246412390298;129_128:0.002217287892548686;129_118:0.0022454854894896903","129_130:68;129_128:68;129_118:68","true"
"130","266.76732685322844","309.32698116572584","0.174072265625","0.0517578125","0.29638671875","2600","0.00011741565619967576","0.00011741565619967576","0","0.00011741565619967576","0.00011741565619967576","130_129:0.0010665887896702253;130_131:0.0007428349694758585","130_129:0.002165246412390298;130_131:0.002075962503364337","130_129:68;130_131:68","true"
"131","422.3963044785418","562.2673227064222","0.005859375","0.00830078125","0.00341796875","2600","0.00024578165672320087","0.00024578165672320087","0","0.00024578165672320087","0.00024578165672320087","131_138:0.0021019844987808234;131_130:0.0007428349694758585;131_132:0.002042835658943032","131_138:0.0025771835266678034;131_130:0.002075962503364337;131_132:0.0015186058594015561","131_138:68;131_130:68;131_132:68","true"
"132","257.8116217203474","175.66868333877818","0.06884765625","0.1376953125","0","2600","0.00014370369297833475","0.00014370369297833475","0","0.00014370369297833475","0.00014370369297833475","132_133:0.0018596055977241899;132_131:0.002042835658943032","132_133:0.001619917298283341;132_131:0.0015186058594015561","132_133:68;132_131:68","true"
"133","259.1727424435308","302.8139835134072","0.0029296875","0.00390625","0.001953125","2600","0.00023941670525361186","0.00023941670525361186","0","0.00023941670525361186","0.00023941670525361186","133_132:0.0018596055977241899;133_134:0.0031835078831258246;133_119:0.007468234547259978","133_132:0.001619917298283341;133_134:0.009636599928904144;133_119:0.008087203520390052","133_132:68;133_134:68;133_119:68","true"
"134","275.7687629792222","56.57588054693172","0.00634765625","0.0087890625","0.00390625","2600","0.0001351871822291515","0.0001351871822291515","0","0.0001351871822291515","0.0001351871822291515","134_133:0.0031835078831258246;134_135:1","134_133:0.009636599928904144;134_135:1","134_133:68;134_135:84","true"
"135","","","0.50341796875","0.42041015625","0.58642578125","2600","1","1","0","1","1","135_134:1;135_139:1","135_134:1;135_139:1","135_134:84;135_139:84","true"
"136","231.8201621821039","334.4406610303664","0.00390625","0.00634765625","0.00146484375","2600","0.00019047332116291235","0.00019047332116291235","0","0.00019047332116291235","0.00019047332116291235","136_123:0.0021544678615036117;136_143:0.0011974993020650582","136_123:0.002996256210020698;136_143:0.0023352593497858176","136_123:68;136_143:68","true"
"137","103.00674876592889","179.86998759599817","0.00927734375","0.01611328125","0.00244140625","2600","0.00012508543435144895","0.00012508543435144895","0","0.00012508543435144895","0.00012508543435144895","137_147:0.0016516965452387788;137_127:0.20112566149334463","137_147:0.0028185899750327315;137_127:0.008442549986872189","137_147:68;137_127:128","true"
"138","127.61087423535734","18.29003608570005","0.00390625","0.0078125","0","2600","0.00040094695498623176","0.00040094695498623176","0","0.00040094695498623176","0.00040094695498623176","138_151:0.0030105112897476083;138_131:0.0021019844987808234","138_151:0.003661092562335655;138_131:0.0025771835266678034","138_151:68;138_131:68","true"
"139","293.90691491097215","387.7972126611317","0.019287109375","0.01806640625","0.0205078125","2600","0.0001946156870839751","0.0001946156870839751","0","0.0001946156870839751","0.0001946156870839751","139_155:0.0009171851224487326;139_135:1","139_155:0.0012498630759909535;139_135:1","139_155:68;139_135:84","true"
"140","189.31748141442807","140.0611671454974","0.011474609375","0.0205078125","0.00244140625","2600","0.000372000030566654","0.000372000030566654","0","0.000372000030566654","0.000372000030566654","140_141:0.0018605187386110111","140_141:0.0033280194029545462","140_141:68","true"
"141","234.06815117320699","363.50741746156257","0.033447265625","0.02783203125","0.0390625","2600","0.00019978244475684083","0.00019978244475684083","0","0.00019978244475684083","0.00019978244475684083","141_140:0.0018605187386110111;141_142:0.0016915472629640826","141_140:0.0033280194029545462;141_142:0.0019971889032478485","141_140:68;141_142:68","true"
"142","193.3055533677108","193.5878924352576","0.01123046875","0.01318359375","0.00927734375","2600","0.0001448169549756657","0.0001448169549756657","0","0.0001448169549756657","0.0001448169549756657","142_143:0.0014115691889314552;142_141:0.0016915472629640826","142_143:0.002761674932129865;142_141:0.0019971889032478485","142_143:68;142_141:68","true"
"143","223.24108334746546","69.43335765180053","0.00732421875","0.01025390625","0.00439453125","2600","0.00018455326906735242","0.00018455326906735242","0","0.00018455326906735242","0.00018455326906735242","143_142:0.0014115691889314552;143_144:0.000963700682679508;143_136:0.0011974993020650582","143_142:0.002761674932129865;143_144:0.0024197494220519755;143_136:0.0023352593497858176","143_142:68;143_144:68;143_136:68","true"
"144","199.03291029345735","245.39979519295497","0.068115234375","0.13525390625","0.0009765625","2600","0.0004831741198647698","0.0004831741198647698","0","0.0004831741198647698","0.0004831741198647698","144_145:0.0007074122255656679;144_143:0.000963700682679508","144_145:0.0017567606707196703;144_143:0.0024197494220519755","144_145:68;144_143:68","true"
"145","298.51195268477795","188.62436065803118","0.019775390625","0.03076171875","0.0087890625","2600","0.0001277911764318636","0.0001277911764318636","0","0.0001277911764318636","0.0001277911764318636","145_144:0.0007074122255656679;145_146:0.0020880377284328844","145_144:0.0017567606707196703;145_146:0.0029482860413649614","145_144:68;145_146:68","true"
"146","183.12264988314155","205.36216793890054","0.017578125","0.0126953125","0.0224609375","2600","0.00023492958407308453","0.00023492958407308453","0","0.00023492958407308453","0.00023492958407308453","146_145:0.0020880377284328844;146_147:0.0015582283639890004","146_145:0.0029482860413649614;146_147:0.00584435236097533","146_145:68;146_147:68","true"
"147","271.74384546037254","194.3325670498","0.007568359375","0.01416015625","0.0009765625","2600","0.00018494167287132958","0.00018494167287132958","0","0.00018494167287132958","0.00018494167287132958","147_148:0.0017717745535372198;147_137:0.0016516965452387788;147_146:0.0015582283639890004","147_148:0.0018716524107249832;147_137:0.0028185899750327315;147_146:0.00584435236097533","147_148:68;147_137:68;147_146:68","true"
"148","213.16025764524412","199.55630462012786","0.086669921875","0.06494140625","0.1083984375","2600","0.00016040587449647124","0.00016040587449647124","0","0.00016040587449647124","0.00016040587449647124","148_147:0.0017717745535372198;148_149:0.0010674569283800617","148_147:0.0018716524107249832;148_149:0.0023778853668212085","148_147:68;148_149:68","true"
"149","208.5364339155448","210.72556526078864","0.00390625","0.00439453125","0.00341796875","2600","0.00011712199338262131","0.00011712199338262131","0","0.00011712199338262131","0.00011712199338262131","149_150:0.002642278856967273;149_148:0.0010674569283800617","149_150:0.005482489775255062;149_148:0.0023778853668212085","149_150:68;149_148:68","true"
"150","205.72907020999068","234.81820628783007","0.033203125","0.03076171875","0.03564453125","2600","0.0002580289230422187","0.0002580289230422187","0","0.0002580289230422187","0.0002580289230422187","150_149:0.002642278856967273;150_151:0.0021320093249219962","150_149:0.005482489775255062;150_151:0.004274769945483314","150_149:68;150_151:68","true"
"151","190.45452015202386","238.10477138196205","0.003662109375","0.00634765625","0.0009765625","2600","0.0001573359690565038","0.0001573359690565038","0","0.0001573359690565038","0.0001573359690565038","151_138:0.0030105112897476083;151_152:0.0021960766212800187;151_150:0.0021320093249219962","151_138:0.003661092562335655;151_152:0.0018486860702355279;151_150:0.004274769945483314","151_138:68;151_152:68;151_150:68","true"
"152","250.33172671744308","64.6659804194084","0.019775390625","0.01904296875","0.0205078125","2600","0.00023891891604374327","0.00023891891604374327","0","0.00023891891604374327","0.00023891891604374327","152_151:0.0021960766212800187;152_153:0.001383358826930886","152_151:0.0018486860702355279;152_153:0.0016414330714546732","152_151:68;152_153:68","true"
"153","133.23005831722972","127.01547070380433","0.002197265625","0.00390625","0.00048828125","2600","0.00015814550230346412","0.00015814550230346412","0","0.00015814550230346412","0.00015814550230346412","153_152:0.001383358826930886;153_154:0.002143040069531227","153_152:0.0016414330714546732;153_154:0.002236613913143004","153_152:68;153_154:68","true"
"154","235.33656284867246","282.78039563543","0.005859375","0.01123046875","0.00048828125","2600","0.0002308745488129267","0.0002308745488129267","0","0.0002308745488129267","0.0002308745488129267","154_153:0.002143040069531227;154_155:0.002079797356879437","154_153:0.002236613913143004;154_155:0.004164616775405028","154_153:68;154_155:68","true"
"155","226.16099306664645","276.3794667068845","0.055419921875","0.08447265625","0.0263671875","2600","0.00008547457658505065","0.00008547457658505065","0","0.00008547457658505065","0.00008547457658505065","155_139:0.0009171851224487326;155_154:0.002079797356879437","155_139:0.0012498630759909535;155_154:0.004164616775405028","155_139:68;155_154:68","true"