Prob,Final Params
0.05,"[ 3.68958933e-04 -1.14243570e-04  1.98159941e-02 -7.56473312e-04
 -1.96651100e-02 -2.35216585e-03  8.53334530e-02  1.01975953e-01
  1.15600291e-03  1.17395413e-05  7.75297533e-02  2.16357250e-02
  2.92681713e-02  3.89463520e-03  8.80957099e-03  1.75897625e-04
  4.12518128e-04 -5.42096780e-04  3.54830003e-03  2.40624969e-04
  8.10962707e-04  1.57059528e+00  3.68783422e-04  4.71879760e-04
  5.27994696e-04  1.08301886e-02  1.40779565e+00  6.98774430e-04
  2.33289914e-04 -4.90129343e-04  7.21633121e-05  1.56929268e-03
  3.81845766e-04 -3.28591180e-03 -3.60819886e-03 -9.95442255e-04
  1.80445708e-01  1.65783131e-02 -3.16784681e-03 -4.18187300e-03
 -2.07315425e-03  1.74834297e-03  5.57450020e-03  5.70704440e-02
  6.07867515e-02 -6.96673259e-02 -7.21268249e-02  1.46419244e+00
 -1.55036276e-03 -2.57821650e-02  4.55477623e-03  6.53539793e-02
  1.44805826e+00 -1.00825022e-02 -1.39820591e-03  1.26154328e-04
  8.63094999e-02 -1.41032237e+00  4.17434980e-02 -1.38477935e-04
  1.55455597e-02 -1.22568176e-03  1.49744686e+00  6.64274504e-02
 -1.48076172e-04 -5.24239328e-03  1.66161637e-01  8.05161817e-03
  1.46918602e-01 -7.06982855e-04  4.74736396e-02 -3.46624592e-02
  1.89722202e-02  1.94620471e-02  3.33900490e-03  5.72867542e-02
 -6.67483176e-04  2.47744213e-02  3.44453390e-04  2.69136255e-02
  1.16045270e-01  3.39588027e-03  4.28814140e-03 -6.36888022e-03
  1.33878705e-03 -9.91095081e-03  9.88868869e-04 -2.86588028e-02
  2.99556499e-03 -9.96205710e-02 -3.39318285e-02 -2.03315477e-02
 -1.17801855e-01 -9.10966551e-04 -1.31634498e-02  1.82682914e-02
 -3.14618425e-03 -3.94020168e-02 -3.15743574e-03  7.77599069e-04
 -1.04408538e-02  2.43508361e-02  1.19168016e-02  1.48663439e+00
 -1.45761683e-04  1.37831931e-02  3.71946741e-03 -1.33386904e-03
  3.66834092e-04  8.07013765e-04  1.31718885e-01 -4.85274236e-02
  5.43855578e-02  2.30690320e-02 -1.14802930e-01  3.57184077e-02
 -1.12581742e-02 -1.84114541e-03  1.79245938e-01  1.47303115e-02]"
0.07358974358974359,"[ 8.22394311e-02 -1.70012165e-02  1.85309547e-02  1.58019427e-02
  9.78325637e-02 -2.49287956e-02 -2.73662662e-02  7.76852379e-02
  1.35509667e-02 -3.77975993e-02 -1.24262210e-02 -4.89124007e-03
  7.01336053e-03  4.15502655e-02  3.88249863e-03 -4.15353448e-03
  2.22255674e-03  8.96787258e-04  1.86090451e-04 -2.20383265e-03
  2.98630002e-04  1.57101992e+00 -1.38825392e+00 -3.62639948e-02
 -1.91374360e-02  9.38536503e-04  4.83561642e-02 -7.28734174e-02
  4.47910826e-03 -1.06579596e-02  9.20065152e-03 -1.14913918e-01
  1.16311165e-02 -2.19290501e-02 -2.66571616e-02 -1.28679943e-03
  9.60169334e-02  1.01393193e-01  1.05787617e-03 -5.83896854e-02
  1.00572266e-01 -1.64255565e-03  1.66624449e-02  3.65338687e-02
 -5.18756034e-02  2.05597041e-02  1.39632901e-02  8.57071872e-02
 -1.80005670e-02 -1.66900453e-02 -5.33895230e-03  1.85812283e-01
  1.81217777e-01 -2.72191110e-03  4.55565813e-02  6.51302221e-04
  1.49223768e-01  3.28587474e-03  7.39199525e-03 -4.27979764e-03
  1.25324585e-01 -3.59520159e-03  6.08294060e-03  1.10088428e-01
  1.75773576e-03 -4.42139278e-02 -1.82466798e-01  2.67059782e-02
  7.85304704e-02  5.33115642e-02 -4.54992738e-02 -5.69848033e-02
  3.27489684e-02 -2.35427008e-02  4.85599342e-02  2.07418542e-02
 -8.45031306e-03  2.92918443e-03 -5.04585898e-03  1.78572198e-02
  1.65526603e-01 -6.47816439e-02 -2.52858962e-02  4.86573605e-03
  2.38103422e-02 -9.13498565e-02 -2.42450570e-02  5.05280511e-02
 -6.01487436e-02 -4.08537545e-02  3.47541781e-02 -7.08927923e-03
 -1.37567312e+00 -1.10126458e-01 -2.66632947e-02  6.01645760e-02
  1.28349477e-02 -1.17679389e-01  3.04159881e-03  4.31112183e-03
 -4.58328824e-03 -4.43340219e-04  7.28586042e-04  3.44810238e-02
 -8.93414975e-03  4.17576052e-02  4.32883946e-03  1.57456232e-01
 -3.49036720e-02  7.93765171e-02  1.41030490e-01 -5.39312499e-02
 -3.05288848e-03 -3.83734164e-03 -8.82631004e-02  4.43025964e-02
 -2.91435901e-03 -4.56810718e-02  2.13629171e-01  3.85200184e-02]"
0.09717948717948718,"[ 1.99779915e-02  6.96829769e-03  7.36267379e-02  1.53975912e-03
  1.41809427e-01  9.75255835e-03  1.35162277e-01  3.49281665e-02
  6.44742054e-02  2.56647071e-02  5.94488073e-03  3.61314805e-02
  8.66988440e-02  5.91208495e-02  1.00978763e-02 -2.55050084e-02
 -5.11205488e-03 -2.62653587e-04  1.83052801e-03  1.22975975e-04
 -1.50310756e-03  2.09759883e-01 -1.10155271e-01 -8.30617709e-02
 -4.51449709e-02  2.82190332e-04  4.12082452e-04 -3.77382303e-03
  3.23043003e-03  2.52333473e-02  1.59252076e-01  8.58618538e-03
 -3.39242326e-02 -6.98056359e-02 -1.10194350e-03  6.64333423e-03
 -2.66809235e-02  4.46736920e-02  1.62912724e-01 -1.53703977e-01
  3.34058092e-03  1.09226906e-02  1.14436239e-02  2.43640599e-02
 -1.36090907e-02  4.19242812e-02 -2.59028493e-04  3.09761794e-03
  5.44584559e-02 -2.22864817e-03  3.49040407e-04  2.15908119e-01
  2.55153451e-01  4.57922611e-03  1.57053367e-01  1.24740331e-03
 -6.35009768e-03  7.27314547e-04  1.65161924e-02 -1.45913049e-02
  3.04544309e-04 -1.15693474e-03  1.41606474e-04  1.25591326e-01
 -1.50734646e-03 -1.96694719e-01 -2.67113238e-02 -1.41057621e-02
  1.84255074e-01  8.77151729e-02  7.22245882e-02  6.08073777e-03
 -7.74362115e-03 -1.33009446e-02  6.85879508e-02  1.32635656e-01
 -1.32621108e-03 -5.10796250e-03 -3.86896513e-02 -1.49804788e-02
  7.95488089e-04 -1.22288587e-02 -8.09075298e-02 -3.07825270e-03
 -1.46676095e-03 -2.10928171e-01  3.84371204e-03  8.93799626e-04
 -1.19520699e-02  1.06448117e-01  1.28148347e-01  1.30496145e-02
 -9.15935930e-02 -2.25274878e-01 -1.56479788e-04 -1.42714138e-03
  2.53439269e-03  5.66867741e-03  5.62389081e-03 -3.31607651e-02
 -1.24309253e-01 -1.16519259e-02  1.23165129e-03  3.16771240e-02
 -6.82120923e-02  1.56353483e-01 -3.51596592e-03  5.94180222e-02
  1.18054549e-02  1.23442055e-03  2.02332011e-01 -3.86885489e-03
  8.33693707e-03  4.64261938e-03 -7.33703182e-02 -1.48774869e-02
 -1.85046893e-02 -2.57837947e-02  2.42608748e-01  3.93678431e-03]"
0.12076923076923077,"[ 9.72626109e-02  1.27433281e-01  5.80046698e-02  2.60350782e-02
  1.35979889e-01  2.77887053e-03  1.72848763e-01  6.45466591e-02
  6.45011775e-02  1.64687060e-01  7.15387676e-03  2.19700658e-02
  1.76846577e-01  1.42516341e-01  3.85162082e-02  2.49245905e-03
 -1.40033009e+00 -1.39786984e-04  1.15244642e-01 -2.52435568e-04
 -6.13831296e-02  1.54402227e+00 -1.33100443e-01 -3.42465449e-02
 -5.56639551e-05 -1.23303243e-03 -1.22122145e-01 -4.21128626e-03
  1.09626362e-03 -6.40123736e-02  3.90393897e-02  1.11078899e-01
 -3.30129292e-03  2.23556917e-02  1.07225369e-01 -1.59712345e-01
 -1.75978808e-02  1.66680266e-03  1.20401293e-01 -4.31328632e-02
  1.87621550e-01 -1.42601064e-02  2.96732795e-02 -1.88421791e-02
  2.98990644e-03  1.44488348e-01 -2.47040690e-03  8.04930936e-02
  1.06208993e-01  7.77604410e-04  2.43920766e-03  2.10399753e-01
  1.36536184e+00 -1.79226439e-03  2.62636604e-01 -3.99967502e-02
  1.28647759e-01 -6.75659937e-02 -2.12764556e-02 -8.46924763e-02
 -2.93034991e-03 -5.72250749e-03 -1.06097426e-03  4.66826935e-03
  1.06339891e-02 -1.82569451e-01  3.95689276e-02  3.46974278e-02
  1.10644322e-01  3.49888295e-02  3.40830084e-02  1.68265799e-02
  1.90643256e-02 -3.85729991e-02  2.22147178e-02  1.93499294e-01
  2.11171370e-03  3.32797949e-04 -4.90124859e-03 -3.71833615e-04
  2.28707783e-04  1.75092287e-03 -8.56384905e-02  1.10785816e-03
 -1.24117963e-01 -9.48378886e-02 -4.99805966e-02  3.31220759e-04
 -1.03081971e-02  1.19955592e-01  2.04111781e-02  8.73766246e-03
 -1.11008464e-01 -2.22839932e-01 -1.66139035e-03 -7.90772089e-03
 -6.21515554e-02  1.39075641e+00  1.01410587e-02 -1.62295789e-01
 -6.76491660e-04 -9.06515791e-04 -4.59192376e-02  1.14748659e-01
 -2.01707673e-01  1.89292263e-02 -4.35051040e-03  7.05863070e-02
 -1.75730564e-02  1.12243091e-02  3.06149230e-01  3.23267050e-03
  1.45723804e-03 -7.55376834e-04 -9.42255157e-03 -2.21435746e-03
  1.05679898e-03 -5.84798770e-02  2.67322428e-01  4.83264156e-02]"
0.14435897435897435,"[ 4.99630154e-02  5.94880756e-02  1.50445243e-01  1.66467056e-01
  2.15105936e-01  8.00606698e-02  1.06312754e-01  5.57600789e-02
  9.25174308e-02  1.51550025e-01  9.73814909e-02  1.36143660e-01
  9.88727472e-02  2.17508558e-01  9.66906004e-02 -3.86272108e-03
 -3.48910260e-02  4.62657193e-03  6.32939384e-02 -4.41142755e-03
 -6.90328824e-02  1.35705685e+00 -1.35488850e+00 -5.85360854e-02
  4.26628604e-03 -5.59512713e-03  2.90985853e-03 -2.03908552e-02
 -6.48941018e-03 -1.86279647e-02  6.53350765e-04 -1.06271456e-03
 -1.04657545e-01 -1.32316122e-02  1.31616912e-01 -2.23993407e-02
 -1.16199192e-01  1.35224534e-03  3.42675714e-01 -3.10420462e-04
  3.31221047e-03  7.94370430e-04  1.53202749e-01 -1.38947748e-01
 -3.20332307e-02  1.19980336e-01 -1.05336569e-02  6.63320407e-02
  8.98607931e-02 -1.52346683e-02 -7.23293387e-03  1.91968848e-01
  2.16613445e-01 -1.78548443e-02 -2.96435864e-02  4.30237159e-03
  1.36147318e-01 -5.00731211e-02 -1.03968567e-02 -1.65222196e-01
 -1.00018116e-01  4.89988539e-03  7.23611573e-02 -1.34038463e-02
  2.04487349e-01 -9.63508291e-02 -1.23088529e-01 -5.91983402e-02
  1.46101729e-02  1.35837630e-03  2.83156529e-01 -1.09636384e-01
 -1.08943018e-02  3.43873419e-02  3.09070471e-02  2.29158565e-01
 -1.13958405e-01  1.76877626e-02  1.21139251e-02 -7.44194710e-03
  2.67202679e-02 -5.01319777e-03 -9.63917370e-02  1.45228726e-02
 -2.92479264e-02  6.41812072e-04  9.10596968e-02 -2.25843146e-04
 -1.44193328e-03  2.60915548e-01 -4.53195923e-03 -5.13773482e-02
 -1.34129630e+00 -1.24101303e-01 -6.47572631e-02 -1.25619594e-03
 -1.69481847e-02  7.80288296e-02 -3.42631386e-02 -8.99849115e-02
 -4.40824291e-02  8.41349196e-03 -1.32627018e-01  2.52017727e-01
 -1.08736877e-03 -3.11568035e-02  4.88592274e-02  8.61025426e-03
 -1.63323598e-01 -1.87697401e-02  1.26274101e-01 -4.48011517e-03
 -2.76431621e-03  1.60883132e-02 -3.43352314e-02 -3.81293100e-02
  1.36993213e-02 -7.00968036e-02  2.86741757e-01  5.45803580e-02]"
0.16794871794871793,"[ 6.71772028e-02  2.44871468e-01  1.26102788e-01  9.47926517e-02
  2.19308741e-01  5.41205324e-02  1.25392780e+00  1.34999125e+00
  1.64960185e-01  1.79231370e-01  1.74493601e-01  2.32539116e-01
  8.15157077e-02  2.00453811e-01  1.51055687e-01  2.11659711e-01
 -9.91957818e-03 -1.39523982e-02  1.50041848e-01 -5.03451903e-02
 -4.19783205e-02  2.18087994e-01  1.54721519e-02 -4.26703166e-02
 -1.46930487e-02 -1.07341455e-01  3.33189555e-02  7.21564336e-03
 -3.63918050e-02 -3.72791806e-02  3.42295044e-02 -9.65918742e-03
 -1.03867817e-02 -5.29377810e-02  1.00144350e-01  1.57341749e-03
 -1.51695144e-01  2.73422527e-03  1.68660050e-01 -1.98192678e-01
 -3.29317045e-02 -3.87709063e-02  8.22520040e-02 -2.46108381e-01
  2.56586638e-02  5.30148377e-02 -1.69164640e-02  1.39232666e-01
  9.28310987e-02 -6.01496128e-03 -8.68358616e-04  2.71285633e-02
  3.01323860e-01 -4.50723514e-03 -1.20017087e-02  1.29633527e-02
  2.18861576e-01 -7.92484868e-02 -1.28435461e-02 -1.76473965e-01
 -1.39662700e-01  5.09516977e-02  1.97935059e-01 -4.36222772e-02
  1.58049182e-01 -9.83618175e-02 -5.74125187e-03  2.43576850e-03
  1.39907427e-02  8.83669575e-02  1.51959883e-01 -2.28825552e-01
 -6.84669288e-03  2.95328517e-02  1.52004431e-02  2.31695666e-01
 -1.95737974e-01  1.13445837e-02 -1.78748243e-02 -5.06604548e-04
  1.33239752e-02  1.99576495e-02 -1.14089650e-01  4.94316242e-02
  1.17276119e-02 -2.91353205e-02 -5.59209243e-04 -3.46326184e-03
 -8.90293348e-02  1.50582678e+00  1.44245452e-03 -1.66897368e-01
 -1.43836367e+00 -3.83217543e-03  2.90088123e-04 -3.04656775e-03
 -1.67667016e-01  2.94407920e-02 -8.62921182e-02 -2.26575990e-01
 -1.75981973e-01 -7.91186673e-03 -1.34180106e+00  2.01519618e-01
 -1.84428936e-03  6.46427290e-02  4.86130670e-02 -1.52892348e-03
  9.27182512e-03  7.01780177e-03  1.06920803e-01  4.15045123e-03
 -1.82367181e-01  2.74791253e-02 -1.63660499e-01 -9.39891602e-03
 -4.03779533e-02 -1.20236314e-01  2.52635059e-01  2.87904112e-02]"
0.19153846153846155,"[ 2.07036250e-01  2.71943432e-01  1.93709428e-01  2.29164430e-01
  2.33547268e-01  1.48541233e-01  1.32671715e+00  3.96743479e-02
  2.82886874e-01  1.39213723e-01  1.92311590e-01  2.30464377e-01
  1.40275310e+00  2.25549714e-01  2.09026778e-01  1.18497877e-01
  1.51042629e-02 -7.52709502e-03  2.72392124e-02 -1.13460575e-02
 -1.33108047e-01  1.79967138e-01 -2.49802013e-02  7.92126456e-03
  7.32144504e-02 -2.32887083e-01  2.19996699e-02 -2.09275790e-02
 -1.04798716e-01 -3.77878121e-02  2.83253030e-02 -1.68654937e-01
  1.38777992e-02 -9.41518361e-02  1.70050482e-02 -4.13730078e-02
 -1.46263529e-01  6.87662076e-02  5.81801764e-02 -1.87781105e-01
  1.85265452e-01 -2.83816974e-02 -4.63625864e-02 -2.75341993e-01
 -5.64833790e-03  1.86157895e-01 -4.79865574e-02  1.11014012e-01
  3.66785179e-03  8.20327852e-03 -4.86110823e-02  5.05453161e-03
  2.44434691e-01  5.26161486e-02  1.45078836e-01 -1.03739868e-02
  2.21441157e-01 -2.30836200e-02 -1.23551636e-01  2.57488610e-03
  1.15521721e-02 -2.35019790e-02  2.53198023e-01  4.40652740e-02
  4.08546790e-02  2.68112317e-03 -8.82443360e-02  4.80746685e-03
 -9.55603211e-02  1.61732895e-01  5.91328643e-02 -2.71693493e-01
 -8.48223967e-03 -3.83547558e-02  5.02890001e-02  9.98914934e-02
 -2.20790158e-01  2.14670812e-03  2.64023225e-01  4.67599533e-02
  3.78483969e-02 -2.35285460e-03 -1.38328915e-02 -1.54472900e-02
  1.30982655e-03  1.32443855e-03  2.28231805e-01 -7.70068383e-02
 -2.12087702e-02  1.44084897e+00  1.68941311e-02 -1.24921068e-01
 -1.87966016e-01 -5.85190973e-02  2.51726176e-01 -3.79304192e-04
 -1.00634864e-02  1.00306049e-02 -2.32623909e-01 -4.78206960e-02
 -1.01140859e-01  5.64662513e-02 -2.87771291e-01  1.37594112e-01
 -3.14034047e-03 -3.23620637e-02  2.61763856e-02  4.12399600e-03
  1.15991538e-02  1.13336554e-01  5.61504018e-02  8.45329321e-03
 -2.37407596e-01  2.48986121e-02 -8.81361551e-02 -1.39501077e-01
 -8.59180550e-02 -1.43418038e-01  1.73231205e-01 -6.05382047e-03]"
0.21512820512820513,"[ 0.21734893  0.25327734  0.24068453  0.30367692  0.42592702  0.19422733
  0.12645216  0.06916234  0.33980959  0.12527354  0.20811703  0.24688964
  0.17890807  0.27353635  0.22774604  0.06936361  0.02004957 -0.0084118
  0.12784592  0.02619204 -0.02922394  0.29599778 -0.10831287  0.03676597
  0.01367241 -0.15507784  0.02305269 -0.03369243  0.01275343 -0.06075607
  0.03774064  0.07210107 -0.0056843  -0.0665702   0.22311443 -0.01831612
 -0.02636378  0.00145722 -0.02022179 -0.2879541   0.13299359 -0.15780416
 -0.14635637 -0.01465206 -0.01917495  0.26003159 -0.00369687  0.13679027
  0.00164993  0.23289741 -0.03239755  0.0122098   0.24316119 -0.03121134
  0.08937993 -0.04499944  0.03983975 -0.15319208 -0.17185734 -0.1202516
 -0.07065257  0.02672826  0.23864074  0.03280327  0.07052606 -0.02850534
 -0.08249729  0.02942134 -0.14706059  0.21481563  0.02867715 -0.2671204
  0.05502754 -0.02776644 -0.04479223  0.12856727 -0.16236389 -0.07789995
  0.34118529 -0.03742439 -0.00527385  0.06367523  0.08537726 -0.00468786
 -0.00309191  0.00107231  0.06399927 -0.25266728 -0.00951754  0.206382
  0.04273253 -0.27300416 -0.1769579   0.00976387  0.06764672 -0.00846305
 -0.02641885  0.03817306 -0.1819145  -0.06701412 -0.06890848 -0.00567191
 -0.23707198  0.13363776 -0.12521601  0.179342   -0.00809585  0.00351853
 -0.00644079 -0.12916558  0.01942336 -0.00243764 -0.1540447   0.05568724
 -0.08294714 -0.25049174 -0.0380331  -0.15930978  0.01980961  0.02917754]"
0.2387179487179487,"[ 0.18071084  0.27672319  0.1758328   0.32961549  0.36449248  0.25195204
  0.17551919  0.24717605  0.17872452  0.1050622   0.23143408  0.16334667
  0.27351686  0.38191159  0.17685735 -0.0191526  -0.03943965 -0.17888888
  0.00333308  0.08722711 -0.11370717  0.10746826 -0.2334041   0.20734887
  0.09334165 -0.07324474 -0.00598558 -0.00729973  0.15600365 -0.17720281
  0.09084901  0.20597568 -0.05861812 -0.03561599  0.21236422 -0.08410522
 -0.02486562 -0.02749367  0.19246709 -0.2068706   0.00354362 -0.13418233
 -0.05808027 -0.04165762 -0.02256133  0.2416008   0.00712833  0.02962018
 -0.00270988  0.2162118   0.00416442 -0.00685038  0.35142989  0.00231344
 -0.0147706   0.02992767 -0.00103853 -0.05073805 -0.03036804 -0.21039569
 -0.07276367  0.02298153  0.30530753  0.01706967  0.04653992  0.07318079
 -0.0390534   0.24785548  0.00471926  0.01455771  0.05150454 -0.37940708
  0.09249547 -0.04219627 -0.01395149  0.14795127 -0.05205381  0.04847467
  0.36145011  0.00895357  0.01374976  0.0453233   0.03294699  0.0164627
  0.0450071  -0.00435587  0.1035365  -0.29443795 -0.02939093  0.2307193
  0.04421767 -0.20815706 -0.26355957  0.01298289  0.04769092 -0.02269004
 -0.01851396  0.0057568  -0.25220645 -0.14863384 -0.12825767 -0.00269968
 -0.28295304  0.00549837 -0.26728707  0.13623742  0.0031135   0.03434697
 -0.00153643 -0.0169892   0.00537902 -0.06354449 -0.09558248  0.01907818
 -0.11570992 -0.14947296 -0.02065246 -0.11476007  0.0364953   0.09437662]"
0.2623076923076923,"[ 2.01847517e-01  2.77532233e-01  1.19475597e+00  3.33550585e-01
  4.16269032e-01  3.11331598e-01  1.95700060e-01  2.55554122e-01
  3.34708577e-01  2.40114202e-01  3.46594150e-01  1.88600439e-01
  2.60026985e-01  1.24460673e+00  2.51896993e-01  1.96750164e-02
 -3.18221778e-04 -2.55819271e-01  6.54884556e-02 -3.90796787e-03
 -3.52171392e-02  1.38139920e-01 -1.59984530e-01  1.39878648e-01
  8.88075520e-02 -2.08712193e-01 -7.13851848e-02 -2.11427981e-02
  1.57587115e-01 -6.23710897e-02  4.13568229e-02 -6.64237845e-03
 -4.95404376e-03 -1.18203711e-01  2.73178638e-01 -3.94648194e-03
 -1.60617785e-01 -3.68343639e-02  1.82554401e-01 -2.15924275e-01
 -2.57158996e-01 -1.61953395e-01 -1.31869370e-02 -8.82358801e-02
 -1.63190446e-01  2.57897119e-01  2.45095392e-01  3.44086338e-02
  8.15424789e-02  5.52284804e-02 -3.55117401e-02 -3.28057423e-02
  1.37743505e+00  1.81004307e-02 -1.89046847e-02 -1.65113554e-03
  4.66100087e-02 -1.95134047e-01  1.89082522e-02 -3.31301030e-01
  1.93762835e-02  3.01898051e-04  2.01758757e-01 -1.52647725e-02
  6.06062515e-02  8.89037624e-02 -6.31434455e-02  1.11092568e-01
  2.48323949e-02  7.42633333e-02  1.91965189e-01 -3.62843629e-01
  1.67772201e-01 -1.69955715e-01 -1.02209677e-01  3.58696450e-01
 -5.48470996e-02  6.07097478e-02  8.34867434e-02  2.69288222e-02
 -4.94354384e-02  9.34199260e-02  2.16503373e-03  8.50477146e-02
  1.10358127e-01  8.26880315e-03 -2.41306094e-03 -1.53263055e-01
 -2.21193698e-02  2.02965319e-01  1.93278556e-01 -1.55276030e-01
 -8.23018965e-02  9.80985972e-03  8.45330785e-02 -1.05125240e-01
 -3.94161975e-02  1.88647334e-01 -2.44923515e-01 -2.21038388e-01
  1.03998489e-03 -8.09003547e-03 -3.84798892e-01 -6.83917209e-02
 -1.31424174e-01  2.45514256e-01  3.45652830e-04  2.70226451e-02
 -1.55570494e-02 -1.41277891e-01 -6.93532816e-04 -1.73816805e-01
 -2.00923656e-01  7.10382820e-02 -9.09254854e-02 -1.50523645e-01
 -5.14779141e-02  1.72938522e-02  8.02935254e-03  1.91065469e-01]"
0.2858974358974359,"[ 2.11853889e-01  3.06941314e-01  3.02496002e-01  3.84659614e-01
  4.42069689e-01  3.07425440e-01  2.39901196e-01  1.20553824e+00
  3.74057047e-01  2.73525857e-01  3.03931250e-01  2.09957733e-01
  2.45397188e-01  3.53699607e-01  1.21405129e+00  5.63744254e-02
  1.68468266e-02 -1.35051109e-01  6.27742484e-02 -3.52594567e-02
 -1.03549194e-01  1.23443624e-01 -2.01806016e-01  2.90836484e-01
  1.43236170e-01 -1.77343342e-01 -1.27424580e-01  1.22113702e-01
  2.65516563e-02 -1.53155787e-01 -5.60692843e-05  2.39469367e-01
  4.07861378e-02 -2.55126635e-01  1.28278449e-01  1.34826235e-01
 -2.64110066e-01  9.44111740e-02  1.21491835e-01 -1.26177882e-01
 -1.14575208e-01 -2.50975798e-01 -4.41537097e-02 -7.39014049e-02
 -1.77844724e-01  2.19394376e-01  2.16928991e-01  2.44807139e-02
 -3.98695783e-03  3.42615441e-02 -1.37052913e-01  4.69694806e-02
  3.43360069e-01  2.44443409e-02  1.92324215e-01 -1.28474276e-03
  1.67818665e-02 -1.87243384e-01  1.19323695e-03 -3.12981048e-01
  8.96186983e-02  7.48023363e-02  1.89596154e-01 -1.42063199e-01
  1.17823598e-01 -1.92424076e-02 -1.25148620e-01  1.53668761e-01
 -6.25429740e-02 -5.36726845e-02  2.42076243e-01 -3.21281970e-01
  1.65174513e-01  9.28466052e-02 -1.95339235e-02  3.74272478e-01
 -1.13181591e-01  4.88685841e-02  1.03076036e-02 -1.05590520e-01
 -7.66485433e-03  2.22152631e-01 -2.05157053e-02  6.95984103e-03
  4.25348843e-02 -2.86456396e-02  2.41283445e-02 -1.23673042e-01
 -2.45047446e-02  2.39545538e-01  1.02253009e-01 -1.47244390e-01
 -5.77643051e-02 -1.70909884e-02  7.77408220e-02 -4.91884985e-02
 -6.18822482e-02  2.14091576e-01 -1.28015020e+00 -1.83711993e-01
 -3.62331813e-04  4.00036798e-02 -3.90260453e-01 -1.71040037e-02
 -7.93484571e-02  1.44586335e-01 -9.54301970e-03 -4.41060900e-03
  1.59224240e-02 -3.57171746e-02  1.32784581e-01 -2.26626650e-01
 -2.25032332e-01  3.96303185e-02 -3.32459474e-02 -2.61377426e-01
 -9.29060507e-02 -3.00037466e-03  2.72961897e-02  6.04138222e-02]"
0.30948717948717946,"[ 0.20180021  0.32310689  0.35144009  0.42697503  0.4475862   0.30486088
  0.2494969   0.37381932  0.46148803  0.32172032  0.30197446  0.19820204
  0.2868292   0.30570308  0.31372495  0.12779228 -0.00633129 -0.2372321
  0.12186503 -0.00564311 -0.11012618  0.07098692 -0.27449228  0.25008338
  0.17657138 -0.11776093 -0.16174004  0.042225    0.00127264 -0.10572482
  0.03271088  0.248828    0.03232609 -0.25732582  0.11271096  0.15387425
 -0.12930837  0.11365273  0.24812732 -0.11738018 -0.17030474 -0.24221573
  0.05250183  0.04382046 -0.19516278  0.09545491  0.07899992 -0.02502509
 -0.02959954  0.00624093 -0.08043783  0.04010203  0.4547798  -0.01893235
  0.0422694  -0.12643459  0.08193064 -0.22898585 -0.02473171 -0.16329502
  0.13543463  0.11299467  0.20731023 -0.13639695  0.11966597 -0.02072467
 -0.18290092  0.16963298  0.03616351 -0.05626901  0.09381396 -0.31916895
  0.35554753  0.173076   -0.08346145  0.2996564  -0.08692694 -0.01187943
  0.00783114 -0.2905203   0.00636107  0.24068193 -0.01290598  0.0068351
  0.21839819 -0.21519274 -0.00157782 -0.01240956 -0.19994302  0.21984674
  0.23950941 -0.11899222 -0.01347813  0.02692977  0.05966101 -0.04306481
 -0.18797469  0.17784338 -0.31858328 -0.29132786 -0.07081546  0.0277406
 -0.16294672 -0.02473816  0.04387811  0.34533957 -0.06484366 -0.03872608
 -0.02818915 -0.10509891  0.08269683 -0.12698818  0.01517719 -0.01125942
 -0.18798609 -0.15581093 -0.08816348 -0.03880629  0.10340391  0.0381817 ]"
0.33307692307692305,"[ 0.15635115  0.35971927  0.38997535  0.42462457  0.40753004  0.38439831
  0.36962475  0.29574639  0.43815624  0.44785895  0.3203043   0.2286551
  0.32136944  0.40069736  0.31524845  0.21538947 -0.02957367 -0.21999945
  0.23803297 -0.00729685 -0.14668194  0.04399181 -0.27020517  0.20951265
  0.22101561 -0.1379508  -0.15442772  0.00756876  0.01888077 -0.00381285
 -0.00711489  0.21295053  0.05334231 -0.32935947  0.01023979  0.08981593
 -0.07913468  0.24819698  0.21199226 -0.1301253  -0.17066934 -0.11761784
 -0.06917263  0.04078158 -0.19493284  0.14451886  0.1038698   0.02551324
  0.02438306  0.00379523 -0.0974175  -0.02150013  0.48930725  0.02274737
 -0.06127962 -0.139869   -0.00484791 -0.37618681 -0.09235348 -0.08633691
  0.13364709  0.15531492  0.1578404  -0.19873195  0.15252301  0.00412933
 -1.25096441  0.11366463  0.27422868 -0.02152988  0.14120815 -1.29655444
  0.35689352  0.08646754 -0.04004079  0.18792923 -0.07997407 -0.08829709
 -0.0386357  -0.13576954  0.01153394  0.37531642 -0.02806055 -0.09802225
  0.07933537 -0.26625583 -0.02842025 -0.04560116 -1.27653684  0.1810143
  0.19637652 -0.09810919  0.14421878  0.01457654  0.00512037 -0.08459451
 -0.07759398  0.15013931 -0.43133368 -0.16222145 -0.04002008  0.04524785
 -0.20991208 -0.05043983  0.07095159  0.36542441 -0.18411996 -0.03208186
  0.01904648  0.00357089  0.0225648  -0.11171391 -0.01089521 -0.0253389
 -0.15879106 -0.12828887 -0.02081383 -0.09217083  0.02111409 -0.00361826]"
0.35666666666666663,"[ 0.26178366  0.34275405  0.44947971  0.38962903  0.3641093   0.34833868
  0.48723561  0.35633646  0.38818177  0.54910392  0.41353482  0.29026485
  0.33398903  0.34644483  0.36469443  0.25802515  0.01504381 -0.28103001
  0.22478669 -0.04878144 -0.09182591  0.07395705 -0.22470383  0.2090626
  0.07681848 -0.02993224 -0.15620281  0.03083157  0.21583045  0.06396399
  0.12626292  0.26958032  0.09790839 -0.26519508 -0.02167122 -0.10911678
 -0.03255947  0.31373959  0.25671045 -0.03443612 -0.20301689  0.01326881
 -0.05893725  0.04033291 -0.17247613  0.17993407  0.1650832   0.20668401
 -0.13900542  0.01106496 -0.05158516 -0.00636007  0.46607956  0.02667654
 -0.03783488 -0.04330037 -0.24607249 -0.29568117 -0.0389805  -0.12621246
  0.2081763   0.10339825  0.16048238 -0.23097473  0.1244457  -0.01943506
 -0.31840623  0.27288106  0.25768745  0.00757889  0.23531694 -0.31489637
  0.31521208  0.08928435 -0.18480977  0.35475632 -0.04470136 -0.03546251
 -0.08047706 -0.04523365  0.04308118  0.3482942  -0.00245386 -0.23602375
  0.06164075 -0.39296286  0.01779767 -0.03760085 -0.06035301  0.04589382
  0.15692253 -0.09352878  0.16314984  0.03255229  0.0108117  -0.2207865
 -0.08371502  0.1854453  -0.38281606 -0.17460878 -0.01878066 -0.05312845
 -0.29092884  0.03695896 -0.09131287  0.14127496 -0.07760026 -0.12118929
  0.03723649  0.03660904 -0.04172739 -0.21273983 -0.08595296  0.0354395
 -0.11862912 -0.28686372 -0.07529915 -0.19697276  0.04697208 -0.06120898]"
0.3802564102564102,"[ 1.22693159e+00  1.10528723e+00  1.10635932e+00  4.10234845e-01
  4.34990402e-01  3.71338173e-01  1.04314011e+00  3.71102202e-01
  1.16417302e+00  4.91679391e-01  3.19780539e-01  3.78043576e-01
  3.80861364e-01  1.02322298e+00  4.21112982e-01  1.37455021e+00
  2.92089045e-02 -3.25306182e-01  2.77008975e-01 -4.77529551e-02
 -7.14695087e-02  8.76395820e-02 -2.13253060e-01  1.83889480e-01
  7.33247904e-02 -2.00982367e-02 -1.98520798e-01 -1.12721495e-02
  2.71270387e-01  4.30065458e-03  3.94484923e-02  3.09333559e-01
  2.48725923e-01 -1.96287635e-01  1.02408231e-01 -2.17308145e-01
  1.31700997e-01  3.51670833e-01  1.34126290e-01 -1.46907139e-01
 -5.48920503e-02  3.58162685e-02 -1.36989053e-01  1.92972383e-01
 -4.81671694e-02  8.06972127e-02  3.01301975e-01  2.83267287e-01
 -2.14102501e-01 -3.15527133e-02 -1.22650848e-01  6.76302733e-02
  1.17488572e+00 -1.16591918e-02 -7.81963626e-02  1.52752660e-01
 -2.80058111e-01 -2.46235824e-01  4.58309135e-04 -2.01018694e-01
  2.94650036e-01  7.41307722e-03  1.75715168e-01 -1.34696272e-01
  1.09258922e-01  6.15813496e-03 -4.01503542e-01  2.05736988e-01
  1.94960409e-01  4.39112321e-02  1.30416393e-01 -3.89532594e-01
  4.17583612e-01  4.93566584e-02 -1.56595495e-01  3.35455651e-01
 -1.22860205e-01 -1.45300908e-01 -2.64553432e-01 -1.51514746e-01
  9.32935542e-02  2.34687397e-01 -7.53144001e-02 -3.31349449e-01
  4.80947575e-02 -1.18840147e+00  9.85000696e-02  1.95500295e-02
 -1.68817819e-02 -8.00457263e-02  1.73837423e-01 -1.77867217e-02
  2.84714205e-01  2.70038520e-02  1.06832241e-01 -2.74617856e-01
 -1.95964455e-02  1.53713893e-01 -3.13918362e-01 -1.37021259e-01
  4.18881938e-02 -1.03995665e-01 -1.81217211e-01  1.32544742e-02
 -9.23226936e-02  1.78019106e-01 -1.77741029e-02 -5.01201817e-02
  5.96587163e-02  3.94832188e-03 -1.57965158e-02 -2.98658329e-01
 -6.30567968e-02  1.13056342e-01 -4.89022693e-02 -2.81555625e-01
 -7.89163040e-02 -2.60083565e-01 -1.83744351e-02 -1.21925330e-01]"
0.4038461538461538,"[ 2.86680197e-01  9.89102517e-01  9.91236696e-01  4.56993808e-01
  1.11143431e+00  3.70903260e-01  4.79896678e-01  5.52290756e-01
  1.14823134e+00  5.62132916e-01  3.54161591e-01  3.62157878e-01
  3.93829634e-01  3.81110766e-01  4.32987256e-01  1.42667446e+00
  2.40947828e-02 -1.78942975e-01  2.86625649e-01 -9.30541796e-02
 -2.16004987e-01  2.39607168e-02 -1.28268611e+00  2.86827248e-01
  1.59390248e-01 -4.68611632e-02 -9.19133506e-02 -4.38918859e-02
  3.51482856e-01 -5.07613068e-02  1.97023026e-01  1.85887464e-01
  1.61178947e-01 -2.25197471e-01  1.25219297e-01 -1.44112149e-01
  1.58259156e-01  3.18520256e-01  1.35655690e-01 -1.27257956e-01
 -1.31529425e-01 -8.42578473e-02 -9.04785948e-02  2.36179929e-01
 -2.63250603e-03 -1.32623253e-01  3.14510695e-01  2.44149364e-01
 -9.57217652e-02 -1.52952401e-01 -1.48142534e-01  7.46267924e-02
  1.14544507e+00 -2.40367384e-02 -1.72161083e-01  1.06005730e-01
 -2.49900630e-01 -1.67232577e-01 -9.09007865e-02 -2.66566218e-01
  2.69644728e-01  5.11553206e-02  2.38819329e-01 -3.84423414e-01
  1.15375961e-01 -4.79943267e-02 -4.41625265e-01  3.33253973e-01
  2.59019651e-01 -2.18302296e-02  2.26086054e-01 -1.22439461e+00
  4.19153065e-01 -1.10576812e-02  1.90785545e-03  3.73540349e-01
 -1.76229027e-01 -1.56492531e-01 -2.31829621e-01 -3.12923093e-01
  4.39136294e-02  2.56704441e-01 -1.07072285e-01 -3.36124657e-01
  1.50819848e-01 -4.01571035e-01 -4.70010155e-02  1.68936710e-02
  8.85032819e-02 -6.01836022e-02  1.89242331e-01 -2.51842216e-01
  1.72695690e-01  4.09960995e-02  9.48736318e-02 -3.20903881e-01
 -7.14701967e-02  7.73998319e-02 -1.64736711e-01 -1.37699755e-01
  4.00482668e-02 -9.68695433e-02 -2.42758263e-01  1.70571133e-01
  1.39331822e-01  1.54988096e-01 -7.54145576e-02  3.12435324e-02
  1.87973900e-03 -6.99780477e-02 -8.49263680e-03 -2.39519097e-01
  2.21532631e-02  1.20987148e-01 -6.31704372e-04 -1.24822717e+00
 -1.23220413e-01 -3.18281985e-01 -1.19835429e-01 -5.74711996e-02]"
0.4274358974358974,"[ 8.16762661e-01  1.01435864e+00  5.15100233e-01  5.21029352e-01
  6.69460632e-01  3.89429758e-01  6.68287365e-01  6.12941326e-01
  7.07873723e-01  4.78937686e-01  4.00441610e-01  3.58949236e-01
  4.17621405e-01  1.20344220e+00  4.10024658e-01  1.10163589e+00
 -1.22277256e-01 -3.76707452e-01  7.08356456e-01  1.76260387e-01
 -6.48742517e-01  3.11975471e-02 -5.44878504e-01  4.24928860e-01
  1.73831577e-01 -1.34278999e-01 -1.37457066e-01  1.48658815e-01
  4.81731682e-01  9.78858014e-02  1.37233650e-01  3.50145101e-01
  2.12225537e-01 -1.38622577e-01  1.83857706e-01  8.55914828e-02
 -8.24181547e-02  1.88479233e-01  1.75383566e-01  2.07644722e-02
 -1.30495220e-01  8.70541921e-02 -3.68704612e-03  2.75572487e-01
  1.39088690e-01  4.46417740e-02  1.30832982e-01  4.33266546e-01
  4.06471948e-02 -2.56640167e-02 -1.72115948e-01  2.07643457e-01
  4.40990805e-01 -5.11874703e-02  1.48218420e-04  5.61169232e-02
 -2.50585381e-01 -1.30986143e-01 -1.67446943e-01 -4.30907453e-01
  2.57551372e-01 -2.07524137e-01  3.17907786e-01 -3.18156738e-01
  7.76133921e-03 -1.72793525e-01 -6.99665736e-01  4.56009731e-01
  7.23257174e-01  1.99834164e-01  2.35132102e-01 -1.15572178e+00
  4.27592562e-01  6.63629819e-02 -2.80582779e-02  4.29106211e-01
  5.00329168e-02 -2.09229096e-01 -7.54285861e-02 -4.06089843e-01
 -5.08466329e-06  2.50956427e-01 -1.05635600e-01 -3.65995666e-01
 -2.33620414e-02 -7.36436273e-01 -1.61133206e-01 -2.25696420e-02
  1.99548126e-02 -1.46947151e-01  3.09322171e-01 -2.82222506e-01
  3.19398484e-01  1.78625444e-01 -1.09202741e-02 -1.70056274e-01
  1.03006603e-01  1.05273962e-01 -1.32930324e-01 -1.94187678e-01
 -5.24320688e-02 -1.96127518e-01 -2.58371370e-01  2.28844469e-01
 -1.31628539e-03  4.55046392e-02 -2.05309458e-01 -3.89569038e-02
  6.05438365e-02 -1.73953278e-01 -4.26849567e-02 -2.49642914e-01
  1.57911174e-02  1.41860015e-01  6.39365317e-02 -1.23502751e+00
 -8.71539880e-02 -2.88614141e-01 -7.09848290e-02  1.54712462e-02]"
0.45102564102564097,"[ 1.19508826  0.97538074  0.98802748  0.62337247  1.00543724  0.48063547
  0.59632864  0.60877731  0.43115907  0.45932721  0.50324675  0.39519005
  0.48712139  1.15485384  0.58890933  1.18784407  0.16359855 -0.29127793
  0.34931525  0.05893063 -0.14309241 -0.03701358 -0.22122214  0.32296581
 -0.01875078 -0.15601122 -0.01771201  0.00322738  0.22374542  0.12827119
 -0.18688805  0.43239401  0.36516157 -0.15851528  0.24462838  0.1273275
  0.22009347  0.21962222  0.02257604  0.06064911 -0.20985036 -0.05834051
 -0.03297971  0.13572678  0.26561203  0.03430169  0.1442922   0.31990252
  0.34666105  0.0318615  -0.16370584  0.0732399   1.08892792  0.10431785
 -0.04385762  0.40338081 -0.36937866 -0.45044556 -0.16539577 -0.23699452
  0.32696236 -0.27643499  0.22294309 -0.36518911  0.07246234 -0.27347778
 -0.51605578  0.60646942  1.12821938  0.14863559  0.24681553 -0.40427455
  0.4795753   0.14428215 -0.1650346   0.45092131 -0.16006192 -0.09214681
 -0.33772021 -0.19585711 -0.15004434  0.12692927  0.20220014 -0.16579117
  0.08191478 -1.17230348 -0.07244524 -0.17165516 -0.12259732 -0.21305484
  0.37983812 -0.15709948  0.17711906  0.09395516 -0.18587386 -0.0665188
  0.12870952  0.24542809 -0.0233533  -0.22653711  0.01293256 -0.32726377
 -0.26013808  0.11890807  0.19753362  0.14894937 -0.25778457 -0.07061511
  0.24415261 -0.38811615  0.00381005 -0.22460935  0.1957344   0.14283179
  0.03555476 -0.29304269 -0.18972189 -0.30054021 -0.19170591  0.04219769]"
0.47461538461538455,"[ 3.03479256e-01  7.20826185e-01  5.57717233e-01  9.97270001e-01
  6.63571588e-01  6.16710491e-01  1.10995774e+00  8.27282193e-01
  8.59225944e-01  4.75314354e-01  5.24122689e-01  3.98310155e-01
  4.50202511e-01  7.61440636e-01  4.71533548e-01  2.90490661e-01
  3.24133340e-01 -2.52018822e-01  3.10771449e-01  3.45663476e-02
 -1.91601356e-01  4.14551445e-02 -2.48361134e-01  3.41482572e-01
  5.14174417e-02 -5.63942100e-02 -1.58981751e-01  2.26060873e-01
  3.11012572e-01 -2.09642238e-01 -1.10601716e-02  4.62937956e-01
  2.28556421e-01 -2.40461684e-02 -1.87451438e-03  6.65147913e-02
 -2.58251064e-02  2.93912516e-01 -2.52184711e-02 -1.67264853e-01
 -3.59484835e-01 -5.05169052e-02 -8.15487577e-02  1.24586403e-01
  1.35658250e-01  2.26376799e-01  3.56990176e-01  2.08852750e-01
  3.82052585e-01  1.93225132e-02 -1.57416676e-01  1.38531534e-01
  5.99533540e-01  4.56729898e-01 -5.32245255e-04  3.24327517e-01
  4.23274479e-02 -4.36806585e-01 -4.26681715e-01 -2.06782043e-01
  2.60052233e-01 -3.53257513e-01  1.67752404e-03 -4.86806333e-01
  4.13515667e-01 -2.99502147e-01 -4.05944051e-01  5.67362361e-01
  8.56541448e-01  2.19959693e-01  3.20829142e-01 -3.43758332e-01
  3.93430605e-01 -4.85869827e-03  1.05589344e-01  5.21667848e-01
 -3.58654311e-01 -3.01234848e-02 -3.06640452e-01 -2.42114181e-01
 -3.37959857e-02 -8.26925777e-03  3.10427404e-01 -4.70033633e-02
  1.58765386e-01 -5.47447117e-01 -1.66701285e-01 -2.33169743e-01
 -1.16667066e-01 -3.44767156e-01  3.53620107e-01 -1.13391005e-01
  1.59492123e-01  3.48333970e-01 -9.86910114e-02 -1.79024273e-01
  7.79500331e-02  1.66972243e-01 -1.23657011e-02 -4.26028172e-01
 -1.93168825e-01 -3.05846452e-01 -3.55994627e-01 -1.59520715e-01
  5.77029120e-02  5.84166683e-03 -1.25931183e-01 -1.87663378e-01
  1.01820451e-01 -2.21681598e-01  1.24956417e-01 -1.87378370e-01
  1.78518710e-01  1.30554007e-01  1.39491401e-01 -3.86012492e-01
 -2.63299953e-01 -4.49673018e-01 -2.87569159e-01  2.81852713e-01]"
0.49820512820512813,"[ 0.36928956  0.7806161   0.78383832  0.5073588   0.78586025  0.86048591
  0.5018717   1.00688415  0.76198888  0.55694075  0.56926036  0.42905353
  0.46141782  1.19301947  1.08344641  0.28967219  0.43557563 -0.16258183
  0.19891595 -0.22484876 -0.28405092 -0.05977478 -0.30887442  0.19867954
 -0.10974347  0.02736138 -0.30196498  0.14486377  0.36842983 -0.19426962
 -0.08530033  0.60581482  0.22299119 -0.05989269  0.09686825  0.2060207
 -0.1525603   0.38531533 -0.13094293  0.07677138 -0.29364309 -0.14391638
  0.07394071  0.25231519 -0.00685594  0.02472788  0.31126226  0.05472395
  0.2735755   0.02192727 -0.05370405  0.02665204  0.2884135   0.3814595
 -0.09998308  0.10750426  0.12793488 -0.31465675 -0.40414478 -0.25576116
  0.15777598 -0.37563131 -0.26108223 -0.36413174  1.11204399 -0.36282085
 -1.15710183  0.60276446  0.81721693  0.21915829  0.23074224 -0.28546567
  0.42544961 -0.19962709 -0.05721727  0.46553764 -0.53426214  0.17816565
 -0.23210671  0.04475028 -0.02897695  0.0864032   0.40300764  0.05112204
 -0.10356066 -0.49276725  0.09990161 -0.29996797 -0.2750649  -0.4117428
  0.43379083 -0.04127646 -0.15331349  0.38236006  0.16911087 -0.09948417
  0.04699601  0.07488013 -0.07291459 -0.45348129 -0.19837302 -0.34868366
 -0.49035713  0.01569113  0.0118637   0.03729366 -0.29861817 -0.21170087
  0.3168564  -0.28158787  0.30908125 -0.21411359  0.13391238  0.22286186
  0.15106528 -0.29289187 -0.11524439 -0.30334995 -0.45275544  0.25782204]"
0.5217948717948717,"[ 0.61217636  0.9775325   1.00724273  0.51738046  1.15812325  0.91375802
  0.8494352   1.08979745  0.38243026  0.9874898   0.5968113   0.4423535
  0.99595058  0.73452447  0.80616944  0.12371606  0.31778548 -0.22522146
  0.37596437  0.136196   -0.49725552 -0.11378244 -0.26317799  0.20873659
 -0.11914822 -0.03225679 -0.3273176   0.13270982  0.04947167 -0.30285077
  0.03179821  0.14231658 -0.01341543 -0.32059869  0.04056878 -0.19194582
 -0.2071537   0.41317975 -0.148619    0.3061835  -0.45797313 -0.37759231
  0.04073349  0.35170294  0.3404091   0.16385637  0.30205053 -0.00497678
  0.16327499 -0.18669572 -0.00459541  0.3537063   0.48516199  0.39144759
 -0.05308594 -0.01354621  0.1095355  -0.1691546  -0.15283874 -0.27971002
  0.00615768 -0.36587354  0.04956987 -0.3965528   1.08054769 -0.2151366
 -0.52258491  0.40536893  0.35519275 -0.17536021  0.0585794  -0.23733544
  0.01839369 -0.22857496  0.01757652  0.73025404 -0.52709861  0.09520825
 -0.41410955  0.1193322  -0.11904741  0.20251967  0.76530517 -0.35804607
 -0.42176221 -0.4262999  -0.23994859 -0.35782995 -0.39754929 -0.3757129
  0.81044507  0.12849918 -0.03520773  0.44303155  0.28007484  0.06082292
  0.09091005  0.19665411  0.10350395 -1.2075969  -0.03335779 -0.31679316
 -0.34770347 -0.28251761  0.10689569  0.06620681 -0.34742425 -0.46840506
  0.3779493  -0.15711462  0.39868886 -0.07328766  0.20743544  0.11744397
  0.03326078 -0.24846954 -0.25344384 -0.21916841 -0.62114976  0.15241783]"
0.5453846153846154,"[ 1.00886392  1.07225735  0.92430349  0.82485134  1.12797722  1.04116063
  1.01398137  1.0565299   1.17177622  1.11487836  0.88342613  0.81523791
  0.38735263  1.16324232  0.99869527  0.31366143  0.12392042 -0.5076248
  0.19562994 -0.1242895  -0.39528014 -0.03874673 -0.35897396 -0.0362778
  0.2154804  -0.34398196 -0.33760281  0.26481443 -0.07538881 -0.13679411
 -0.41428301  0.25331027  0.1407406  -0.26690346 -0.04755812 -0.05827994
 -0.44930534  0.45373194  0.05118025 -0.00205148 -0.10024169 -0.09119808
  0.13415868  0.33613477 -0.03893412  0.17607366  0.38191845  0.0592921
 -0.16364992 -0.13515298  0.12472902 -0.02773752  0.13002103  0.3482904
 -0.18216002  0.096919    0.29714492 -0.39268737 -0.07008199 -0.5432801
  0.05322884 -0.80850425 -0.01072514 -0.31542613  0.91539137  0.06465529
 -0.3849512   0.43196477  0.3297026  -0.01267712  0.05764673 -0.29107799
 -0.05950619  0.0884453   0.007921    0.48228058 -0.3821234   0.08084594
 -0.29632044  0.17805508 -0.16299368 -0.15033253  0.19721323 -0.03232053
 -0.0275477  -0.3300573  -0.33752094 -0.30931078 -0.57426337 -0.43617259
  0.35697599  0.14180163 -0.11542798  0.40593769  0.22047307  0.12062592
 -0.06103207  0.07772275  0.02944144 -0.39553616 -0.13297995 -0.22276681
 -0.23860294 -0.27502286 -0.10065042 -0.11804286 -0.40295699 -0.28333374
  0.29945135 -0.01353448  0.88946432 -0.12121499  0.11163244  0.06762906
  0.40041971 -0.05917032 -0.43417117 -0.19715074 -1.10846441  0.16422442]"
0.568974358974359,"[ 0.95371295  1.10423638  0.959288    1.24327344  1.16062622  1.06705837
  1.25889806  1.03606206  1.13501642  0.36872266  1.00079506  0.58597447
  0.47295789  1.16400189  0.56733979  0.05603995  0.30735631 -0.31887791
  0.08854376 -0.13164153 -0.22410081 -0.24593178 -0.11002823 -0.21585009
 -0.16791142  0.00930907 -0.36011568  0.25312139 -0.00893538 -0.03660952
 -0.19118204  0.05772892 -0.03901931 -0.26090208  0.01642443 -0.25159578
 -0.40355813  0.46228543  0.02446715  0.16586422  0.00313524 -0.20791398
  0.14678395  0.33804374  0.16556911 -0.07459278 -0.04532199  0.07295562
 -0.04558619  0.0887666   0.23622389  0.13673909  0.21391571  0.16725837
 -0.07035162  0.08482003  0.05145045 -0.28004464 -0.05646824 -0.31178165
 -0.03832396 -0.29607135  0.07669606 -0.3183622   0.37049666 -0.13530245
 -0.27219319  0.44684804  0.33690877 -0.0935118  -0.25062511 -0.12200928
  0.18424062 -0.03366525  0.02662716  0.24004615 -0.0818245   0.22201661
 -0.21719713  0.37050088  0.26658985 -0.19444773  0.09729423 -0.21538962
 -0.07105125 -0.2475286  -0.16046525  0.12535862 -0.29825353 -0.28182164
  0.2104255  -0.07056096 -0.21128167  0.3326983   0.1859164   0.31966167
 -0.13891451 -0.05427762  0.06534999 -0.37645043  0.1290908   0.07297009
 -0.30978037 -0.31719906 -0.04736258 -0.19510364 -1.14878847 -0.33038985
  0.32098928  0.04765261  0.44362032 -0.0518089   0.02437136  0.24795608
  0.23471943 -0.07965986 -0.38753903 -0.08971315 -1.11765411  0.18899433]"
0.5925641025641025,"[ 0.94599327  1.0733489   1.0793044   1.21801246  1.10774397  1.15128857
  1.26054209  1.11848186  1.14998747  0.3765347   1.1041885   1.13112713
  1.18966799  0.34636091  1.07069769  0.04100291  0.07832775 -0.19455938
  0.02911551 -0.11824636 -0.24864134 -0.27067518 -0.07384604 -0.15163792
 -0.16248537 -0.20099766 -0.05245134  0.09163096 -0.00452897 -0.17197363
 -0.2350162   0.05252569 -0.08857899 -0.1449366  -0.06562972 -0.22303581
 -0.411396    0.41709652  0.0506236   0.14290295  0.04349284 -0.05979523
  0.26762696  0.29356981  0.18377414 -0.13999517 -0.24196203  0.07428721
 -0.02346376  0.13443106  0.1459857   0.28160909 -0.02932253  0.2609947
 -0.10796477 -0.01823598  0.13217167 -0.25260531 -0.04727707 -0.27019285
 -0.0502901  -0.32218006  0.05176831 -0.21284596  0.35404749 -0.22826597
 -0.23164843  0.23934918  0.37903008 -0.01129271 -0.05824782 -0.08600942
  0.17842623  0.05515831  0.03126025  0.23969373 -0.23160607  0.14970661
 -0.16201353  0.28307501  0.21027366 -0.29063959  0.09428911 -0.05882001
  0.04729378 -0.22839434 -0.19894406  0.11770918 -0.31795786 -0.19564255
  0.18659191 -0.0307528  -0.02784297  0.35309275  0.20947641  0.27372379
 -0.18433118  0.0638301   0.15178181 -1.26032596  0.16102256  0.04897941
 -0.15949752 -1.23091651  0.11011613 -0.18839829 -0.25564742 -0.25460463
  0.29627123  0.20006531  0.38211202 -0.31996002 -0.24564853 -0.03273029
  0.15976996  0.04054183 -0.42324256 -0.20546958 -0.41177587  0.26949951]"
0.6161538461538462,"[ 1.03685339  1.07585555  1.08957421  1.25931825  1.15632646  1.2418071
  1.29401029  1.09875164  0.41958944  1.16626265  1.17361934  1.11696939
  1.20805728  0.37618753  1.13584382  0.03911813  0.03383172 -0.32679036
  0.07691091 -0.1191421  -0.22577391 -0.20069078  0.03618367 -0.14681548
 -0.21298921  0.11068755  0.07699293  0.08262995 -0.05376901 -0.10474125
 -0.23886083 -0.10645051 -0.10616143 -0.0903591  -0.19650209 -0.27095694
 -0.41298872  0.3640093   0.03002793  0.01512208  0.05112519 -0.02970511
  0.1234523   0.02549229  0.06285471 -0.04879712 -0.21366086 -0.02262994
  0.08595273  0.06781782  0.21907524  0.37381557  0.08861082  0.28646647
 -0.06575479  0.01822396  0.11125298 -0.24882351 -0.14599538 -0.23055975
  0.1053097  -0.32930142 -0.00550224 -0.23144217  0.26046837 -0.13913393
 -0.36478924  0.28850208  0.14866227 -0.00444303 -0.08012402 -0.07926152
  0.26390932  0.07194805 -0.00557779  0.23420865 -0.21673009  0.22404044
 -0.02493363  0.29594292  0.14184388 -0.2481194   0.07241366 -0.29824166
 -0.00267865 -0.09881326 -0.01047662  0.24352022 -0.28903192 -0.09527225
  0.14886986 -0.00885843 -0.18629089  0.07129461  0.27296361  0.20586612
 -0.05626399 -0.00276062  0.06283849 -1.25519616 -0.14737084  0.08121808
 -0.0971406  -0.33534997 -0.0276025  -0.20171045 -0.23479565 -0.1972567
  1.29362477  0.12999167  0.32281362 -0.06020083 -0.1064909  -0.00334355
  0.2110236   0.14590656 -0.34464935 -0.12629369 -0.38292164  0.29152953]"
0.6397435897435897,"[ 1.12420255e+00  1.08768222e+00  1.19999135e+00  1.13443727e+00
  1.18884309e+00  1.28339302e+00  1.32668671e+00  1.13916860e+00
  1.21945274e+00  1.24022374e+00  1.27051479e+00  1.15916130e+00
  1.23029189e+00  1.25419732e+00  1.16950907e+00  1.45650761e-01
 -1.60650290e-01 -3.82779267e-01  2.02665027e-02 -1.76578237e-01
 -1.41170923e-01 -1.71239201e-01  1.35114903e-01 -9.70190096e-02
 -1.74673779e-01  7.09231133e-02  4.80592028e-02  5.67044586e-02
 -3.70168902e-02  8.73128149e-02 -1.41154559e-01 -1.55846146e-02
 -2.52493967e-01  1.31347725e-02  4.56563348e-02 -3.26149900e-01
 -3.55437807e-01  3.11535529e-01 -2.74145958e-02 -8.74478967e-03
  1.68396058e-01 -5.45856511e-02  1.00715305e-01  9.94808120e-04
  2.85922283e-02 -8.24900669e-02 -1.83291995e-01  1.20047097e-01
  1.26760874e-01  5.36373132e-02  2.72525406e-01  4.17046702e-01
  9.94996699e-02  2.57986806e-01 -3.91264910e-02 -1.95443605e-02
  6.75469182e-02 -1.71823910e-01 -2.02322379e-01 -1.01435817e-01
  9.08914234e-03 -2.05465748e-01  3.70081806e-02 -8.85142517e-02
  2.05789190e-01 -1.23444925e-01 -3.61623045e-01  3.65393845e-01
  1.33247114e-01 -3.90373252e-02  6.32055831e-03 -1.41221183e-01
  1.37734751e-01  1.16946854e-02  1.29806900e-02  2.89233238e-01
 -2.17623412e-01  1.22230872e-01 -1.81971083e-02  2.79301507e-01
  1.20668306e-01 -1.63330133e-01  1.26891798e-01 -2.30984616e-01
  1.12615718e-02 -7.14828398e-02  3.47701769e-02  1.81415099e-01
 -2.86719686e-01 -6.11139810e-02  1.65613227e-01  2.75346643e-02
 -9.34299304e-02 -7.03008029e-03  2.92388746e-01  1.13223819e-01
 -1.93846701e-02 -4.08479466e-02 -4.50262814e-02 -1.25373976e+00
 -2.02676102e-01 -8.24929666e-02 -3.93835830e-02 -1.26753899e+00
 -7.86435950e-02 -1.80688511e-01 -2.95485267e-01 -1.97228588e-01
  1.24244667e+00 -9.58658023e-02  2.95672273e-01  9.67815648e-02
  6.53220619e-03  1.76951728e-01  2.31727699e-01  1.00202613e-02
 -2.85430185e-01 -1.40464650e-01 -3.48970395e-01  3.01014859e-01]"
0.6633333333333333,"[ 1.18366305  1.11197508  1.23786465  1.09844548  1.24109897  1.26961495
  1.27825339  1.18012302  1.19883791  1.2021976   1.29056851  1.20550059
  1.27180744  1.28095527  1.21104442  0.00909475 -0.31204127 -0.2164804
  0.08060489 -0.14330276 -0.11850304 -0.17693415  0.19530765 -0.16593767
 -0.13197474 -0.1171211  -0.01554177  0.0947472  -0.18731573  0.12974519
  0.01387117 -0.05292814 -0.25166425  0.05427336  0.02013897 -0.1559183
 -0.36961176  0.296016   -0.0666319   0.19737562  0.20160894  0.02285402
  0.12881015 -0.08674798  0.00607883 -0.04976996 -0.13871489  0.08884825
  0.08174751  0.20294275  0.1307739   0.3300294   0.09850921  0.25049675
 -0.11721281  0.01053671  0.07532351 -0.23281336 -0.0843788  -0.06264505
 -0.01171983 -0.26147631  0.01868902 -0.10028635 -0.0192923  -0.09690918
 -0.31829885  0.41864157  0.16912746 -0.02118863 -0.01108182 -0.04475784
  0.0287921   0.14428277 -0.00938262  0.22691927 -0.2370297   0.12501876
 -0.01754079  0.26993046  0.07672712 -0.13141649  0.0504738  -0.2522929
  0.0833227  -0.09606078  0.01069236  0.02507259 -0.35836981 -0.01329944
  0.05254992  0.00625831 -0.07529887  0.05678323  0.13206112 -0.0523911
 -0.06790375 -0.06593287  0.08563138 -1.23672275 -0.01325052 -0.17441743
 -0.0992576  -1.29423204 -0.0993045  -0.17802253 -0.19715772 -0.1206701
  1.24180265 -0.08748541  0.30503446  0.1075202   0.17917676  0.0938388
  0.23740478  0.00631071 -0.21283601 -0.05483673 -0.33503329  0.28037553]"
0.6869230769230769,"[ 1.16767812e+00  1.09837194e+00  1.23300938e+00  1.26926123e+00
  1.26498976e+00  1.28692617e+00  1.21690535e+00  1.25156514e+00
  1.24051256e+00  1.18450240e+00  1.30200607e+00  1.18613930e+00
  1.37342466e+00  1.28074256e+00  1.22150921e+00  1.27417182e-01
 -2.75050109e-01 -1.25796332e-01  5.34397224e-02 -2.16595801e-01
 -3.83505981e-02 -2.21337474e-01  9.96991166e-03 -1.98865420e-01
 -7.42278381e-02 -1.30671400e-01 -3.88788015e-02  1.21838501e-01
  8.52779351e-02  2.49150555e-01  1.21922135e-01 -1.39702863e-02
 -9.04225566e-02  4.39330193e-03 -1.87255634e-01 -1.91738781e-01
 -1.85181258e-01  3.08469324e-01  5.23322881e-03  1.65103232e-01
 -3.32568721e-02 -1.40882069e-01  6.60419240e-02 -3.26215664e-02
 -2.07318058e-02 -1.79915965e-02 -3.09566584e-02  2.24418336e-02
  1.68608626e-01  4.62474860e-03  1.78781175e-01  2.89127204e-01
  2.03728479e-01  8.70055179e-02 -1.12788549e-01 -2.09511508e-01
 -2.20354317e-02 -1.01432027e-01 -1.62848449e-01 -2.93179452e-02
  3.32744932e-02 -3.59554598e-01 -2.31586497e-02 -1.00228530e-01
 -2.54248728e-01 -1.39605118e-01 -3.00431515e-01  4.02634853e-01
  1.43516268e-01 -5.33916316e-02  2.08473925e-02 -1.30448651e-01
  8.36175898e-04  5.14805337e-02 -2.00236225e-02  2.66350762e-01
 -1.45406428e-01  1.47850676e-01 -3.57522705e-02  2.63185523e-01
  5.22570391e-02 -1.83531560e-01  4.29334654e-02 -1.35044472e-01
  1.67986772e-01 -1.66383201e-02  3.23588529e-02 -2.50889612e-02
 -2.19630004e-01  7.96426392e-02 -1.62652080e-03 -1.13968348e-01
  6.60501865e-02 -3.78767748e-02  2.36087470e-01  5.10765937e-02
  1.08209514e-02  3.76402226e-02  6.10804062e-02 -1.24161220e+00
 -8.21266172e-03 -9.43471632e-02 -2.08574122e-02 -1.26049078e+00
 -1.74637836e-01 -2.50753913e-01 -1.89591336e-01 -2.05447031e-01
  1.37906415e+00 -1.02549392e-01  2.09343951e-01  3.58023790e-03
  1.22749657e-02  1.99214249e-02  1.41456328e-01 -1.44771691e-01
  2.29372144e-02 -2.15583547e-01 -3.22624067e-01  2.60443465e-01]"
0.7105128205128205,"[ 1.2717628   1.15891551  1.31782084  1.23878676  1.2354898   1.33568545
  0.37189551  0.41102144  1.30195426  0.31297732  1.26792736  1.27601754
  1.34479401  0.30973851  1.18350594  0.05316322 -0.12215054 -0.08500266
  0.05963149 -0.25126777 -0.006947   -0.31321465  0.13236199 -0.23371275
 -0.05434986 -0.14923361 -0.01398085  0.23324098  0.1184289   0.35648272
  0.1728176  -0.0116432  -0.10862772  0.01315154 -0.13362986 -0.20394969
 -0.0628977   0.27305457 -0.0338899   0.07328742  0.05196555  0.02075385
  0.06321774  0.06360167  0.02385564  0.00714711 -0.03688322 -0.01101854
  0.13467227 -0.00232726  0.19500608  0.30029286  0.03470511  0.01666908
 -0.0383199  -0.09029113 -0.05938786 -0.03340618 -0.16030437  0.00682439
  0.11637145 -0.4000841  -0.00137181 -0.00648151 -0.08251938 -0.02899528
 -1.24370042  1.31726554  0.17901003 -0.01798944  0.06904286 -0.20287534
 -0.01945882  0.04340997  0.02401348  0.16696257  0.00367611  0.18761041
 -0.00906722  0.2670925   0.07008183 -0.1298797   0.00762428 -0.23670743
 -0.04273443  0.01415096 -0.02598416  0.00554039 -0.26231653 -0.00212301
 -0.03153625 -0.05495861  0.07770717 -0.16853164  0.09292328  0.08253067
  0.02064433  0.14357611  0.01798253 -0.26489109 -0.01251393  0.02864078
 -0.02751977 -0.23764039 -0.22627712 -0.29914598 -0.03201445 -0.18446074
  1.31064426 -0.02796301  0.0443262  -0.06143428  0.02942014  0.09868061
  0.1384553  -0.14393397  0.05871841 -0.2363894  -0.31769336  0.06423367]"
0.734102564102564,"[ 1.31121481  1.11689124  1.32023898  1.31496835  0.28270234  1.37663027
  1.22510595  0.39005207  1.29421312  0.32278661  1.25445284  1.24117142
  1.32562084  0.28139918  1.21354522  0.03229666 -0.06203869 -0.08531079
  0.06754372 -0.12843222 -0.06300063 -0.27611929  0.19367619 -0.19882883
 -0.0412739  -0.29155326 -0.06015824  0.25968657  0.00612942  0.22796062
  0.15940765 -0.02218816 -0.01067074 -0.03027069 -0.18729735 -0.06428208
 -0.01912904  0.2595635  -0.21982976  0.09909156 -0.01056736  0.00294368
  0.17655257  0.08927938  0.05270632 -0.04921156 -0.09687401  0.01594434
  0.00668471 -0.00931619  0.13786398  0.33367898  0.04565777  0.08645893
 -0.11233894 -0.20157813 -0.03707488 -0.18601496 -0.28575335 -0.00188887
  0.03276045 -0.23958722  0.02559985  0.02536498 -0.05119498 -0.00372452
 -0.36856638  1.37625455  0.01723789  0.05568124  0.01226988 -0.0284409
 -0.02395863  0.11855645 -0.20597719  0.0440635   0.00162971  0.22457118
  0.00223955  0.23007843  0.06011312  0.02028613 -0.01154069 -0.27420485
 -0.14065219 -0.10598159 -0.05062983 -0.00739135 -0.08128941 -0.01758862
  0.02340385 -0.06919177 -0.00883986 -0.14312664  0.0309887   0.16655463
  0.02331248  0.10983895  0.00195002 -0.23088215  0.02245418  0.14294785
 -0.00828295 -0.16946169  0.03014612 -0.29787824 -0.0314122  -0.26573675
  1.39757705  0.03079359 -0.02658686 -0.10053281  0.07820975 -0.02955835
  0.09610034 -0.24454303 -0.02778872 -0.16859901 -0.25675955 -0.0121993 ]"
0.7576923076923077,"[ 1.25045807e+00  1.32708807e+00  3.25070091e-01  1.29492692e+00
  1.34895482e+00  1.43790233e+00  1.23061344e+00  1.22319683e+00
  1.29219663e+00  2.78775299e-01  1.23190263e+00  1.36400521e+00
  1.29493745e+00  1.39855422e+00  1.26918599e+00 -8.90584629e-03
 -8.14402976e-02 -6.76950929e-02  1.70810773e-03 -9.07096743e-02
 -2.68181338e-02 -2.83386723e-01  1.78959500e-01 -1.82212475e-01
  7.39478463e-03 -1.90986622e-01 -7.57631383e-02  2.57079364e-01
  9.91326296e-03  1.90166927e-01  9.03862806e-02 -1.77715928e-01
 -2.50744793e-01  5.20042236e-02 -1.17763534e-01 -2.30528940e-01
  4.73751401e-02 -5.37854238e-02 -2.57418335e-01  2.27858915e-01
  4.99360039e-02  1.74224953e-01  8.68506244e-02  4.79388005e-02
  1.78475929e-02 -2.31046282e-02 -8.41118009e-02  3.88815525e-03
 -2.14847792e-02  2.26169518e-02  1.56690286e-01  1.29982781e+00
  1.29731506e-02 -1.08901159e-03 -9.16158878e-02 -1.32548904e-01
 -3.13983063e-02 -6.70515521e-02 -7.20456003e-02 -1.26590927e-02
 -1.21991583e-02 -3.81780589e-01  1.03071138e-01  2.62545504e-03
  1.58072255e-02 -2.56541073e-03 -1.52290787e-01  3.22842024e-01
 -1.93329663e-02  1.36369359e-01  1.46482541e-02 -2.70985262e-02
 -7.26156704e-02  6.82835220e-02 -1.89880461e-01  4.59735751e-03
 -1.45771303e-01  2.86374133e-01  1.86264579e-02  1.71516038e-01
  7.22055814e-02 -4.04895261e-02  7.31746476e-03 -8.33134451e-02
 -1.55446109e-01 -8.07556163e-02 -8.68916791e-03  5.31673609e-02
 -6.00218831e-03  1.80459276e-02 -4.12084129e-02 -3.09531517e-01
  1.53906995e-02  5.29408925e-03  4.89010272e-02  8.78356852e-02
  4.49636626e-02 -6.62968886e-02 -5.54414086e-02 -2.57867652e-01
  6.64803582e-02  8.04773148e-02 -8.18874290e-03 -1.33840613e-01
 -2.92579504e-02 -3.46674293e-01 -3.71175910e-02 -1.24225583e-01
  1.41430506e+00  6.93923226e-03 -8.55519807e-02 -5.10770477e-02
  1.11612149e-01 -1.89920435e-02  2.81905846e-02 -2.43719991e-01
  5.01350469e-03 -1.30110663e+00 -6.62281865e-02  1.71057345e-03]"
0.7812820512820512,"[ 2.15892191e-01  1.22746322e+00  2.30664653e-01  1.26924537e+00
  1.31175143e+00  1.40499805e+00  1.41874971e+00  1.22172149e+00
  1.28344945e+00  1.48697273e+00  1.32477373e+00  1.31040483e+00
  1.29819230e+00  1.42217018e+00  1.21401428e+00 -1.91241909e-02
 -1.60793741e-01  2.19417707e-02  2.77353243e-02 -1.62910408e-01
 -2.43591964e-01 -2.81979408e-01  9.37542128e-02 -2.81338035e-02
 -3.69310203e-04 -2.37953455e-01 -2.85595207e-02  1.44187216e+00
 -3.76576636e-02  8.75122967e-02 -2.70096430e-02  2.12444032e-02
 -2.16049052e-01 -3.15173998e-02 -5.94855966e-02 -2.66879073e-01
  2.04378296e-01 -2.16082301e-01 -4.34350060e-02  1.33461197e-02
  2.81254264e-02  1.31321896e-01  2.35496070e-01  3.98313773e-02
  1.06864757e-02 -7.56779144e-02 -1.14210064e-01  6.63888896e-02
 -5.32734027e-03 -4.10928242e-03  2.18360949e-01  1.39373202e+00
 -4.46765052e-02  4.43190834e-03 -5.26258221e-03 -2.21392364e-01
  5.00032001e-02  9.28550533e-02 -1.73679471e-01  6.38633604e-03
  1.93096897e-02 -1.38076644e-01 -6.65569825e-02  1.01734068e-02
 -1.93518773e-02 -9.04887586e-03 -2.99450865e-02  1.75452122e-01
  2.14239665e-02  3.43037048e-01  1.59115024e-02  4.96854868e-02
 -6.43514711e-03  1.13558200e-01 -2.99764643e-02 -1.81146931e-02
 -1.38963046e-01  3.19902320e-02 -1.05749868e-02  1.22171917e-01
  1.69149360e-01 -7.22818497e-02  2.41112784e-02 -1.60881227e-02
  4.37764003e-04 -2.39924649e-01 -7.88701551e-03 -2.74313446e-02
 -3.56413715e-02  3.26472081e-02 -9.95868799e-03 -2.78279736e-01
  2.76866071e-02  1.65971423e-02  2.67445203e-02  1.20092164e-01
 -1.53646638e-02 -1.73974445e-01  4.77347602e-02 -1.13200066e-01
  2.63774012e-02  2.22648995e-02  1.36142382e-01 -5.22222170e-02
 -3.54709929e-02 -3.08511176e-01 -1.29750830e-02 -1.27164852e-01
  1.77408877e-01  2.03214502e-02 -4.27670414e-02 -2.50636632e-01
  1.71277460e-02  1.63161248e-02  1.76271329e-01 -2.85773029e-01
  4.22763125e-03 -1.31574460e+00 -3.44602169e-02  6.74065509e-03]"
0.8048717948717948,"[ 1.43932622e+00  1.24786228e+00  2.21053361e-01  1.26986830e+00
  1.46209217e+00  1.51887795e+00  1.46352045e+00  1.29288638e+00
  1.23078847e+00  2.34171738e-01  1.28992952e+00  1.28515367e+00
  1.39047544e+00  1.44848624e+00  1.29819471e+00 -5.04124677e-03
 -5.69482552e-02 -5.95255885e-03 -1.21760626e-02 -1.00097697e-01
 -8.11771797e-02 -2.39193052e-01  1.15464386e-01 -4.67897810e-02
  1.02472908e-01 -1.26330410e+00  2.04126895e-02  1.38397651e+00
 -8.53873477e-02  2.82756970e-01 -1.20798490e-01  7.11101326e-02
 -1.94600436e-02 -4.76020783e-03 -3.99509211e-02 -1.57064971e-01
  2.01693980e-01 -1.02748846e-01 -4.88250724e-02 -1.43670058e-01
 -4.43873553e-02 -8.73939425e-02  7.48989170e-02 -5.92412907e-04
  8.84545461e-04 -7.28416319e-03 -3.08178234e-02  9.97652224e-02
  3.56048970e-02  1.42548605e-02  2.15838501e-02  1.55846055e+00
 -2.13832249e-01  3.37873040e-02 -1.91555652e-02 -3.35969695e-01
  3.03224562e-02  4.97291328e-02 -4.06551679e-03 -7.53667834e-03
 -1.41264994e-02 -1.56208091e-01 -3.84419365e-02  1.88933921e-02
 -5.31060868e-03  5.23137184e-03 -8.96859092e-02  2.56761022e-01
 -6.23832285e-02  2.77104530e-01  2.46257352e-02  6.30003719e-02
 -2.33275240e-02  1.15559715e-02 -3.20901973e-02 -7.13031080e-03
 -1.42874346e-01  1.31670184e-02 -1.95338576e-02  6.15337066e-02
  8.80466521e-02 -1.66556160e-01 -1.61674350e-03  3.23169597e-03
 -3.73397865e-02 -2.08809748e-01 -1.86980593e-02  2.54250042e-02
 -1.57144986e-01  8.47562989e-03 -2.73224009e-03 -3.31987089e-01
 -5.26902700e-02  9.87650827e-02 -1.90599928e-02  1.43220299e-01
  3.20802413e-02 -2.96107778e-02  1.13002087e-02 -1.67133027e-02
 -5.15591993e-02  5.15131887e-02  3.11028441e-02 -1.02000799e-02
 -2.06431433e-02 -1.63431021e-01 -3.55261769e-02 -1.24296864e-01
  1.37448869e+00  9.12356438e-03  5.00263839e-02 -3.14416255e-01
  3.56750769e-02 -9.83757977e-02 -2.57524898e-02 -1.33156008e+00
  1.76089692e-03 -1.35681778e+00  1.71150089e-02  3.93560333e-03]"
0.8284615384615385,"[ 1.41755611e+00  1.27097221e+00  1.46579970e+00  1.33881850e+00
  1.50062752e+00  2.57745624e-01  1.53490249e+00  1.27085929e+00
  1.40179390e+00  1.47251278e+00  1.26832117e+00  1.34834496e+00
  1.41693428e+00  2.18485246e-01  1.39670078e+00  3.29774954e-02
 -9.16888605e-02  3.11406762e-02  3.48311872e-02 -1.42708424e+00
 -3.40372543e-02  6.67239868e-03  7.91428960e-02 -4.69975738e-02
 -3.60596237e-03 -2.61758186e-01 -4.58459851e-03  1.51011083e+00
 -2.93756051e-01  2.42986520e-01 -1.12195073e-01 -1.97583307e-03
 -2.37050925e-02 -6.16999604e-02 -1.78653129e-01 -6.15573146e-03
  1.14251352e-01 -9.76889243e-02  8.02411501e-02 -1.71115410e-01
 -9.47105187e-03  1.12465600e-01  4.83719406e-02 -3.89331676e-02
  6.87130670e-03 -1.36075200e-02 -2.45513244e-03  5.08451167e-02
  7.06151921e-03  3.09792685e-02  1.26145594e-02  1.48669893e+00
 -1.32527662e+00  3.70596225e-02  2.45156184e-02 -2.56986035e-01
  1.31767293e-02  2.42605825e-02 -1.68369305e-01 -1.06331439e-01
  1.56777779e-02  1.40692209e-01 -4.21848572e-02 -4.06312843e-03
 -1.74933491e-01  1.44846980e-03 -4.13044537e-03  9.91800640e-02
 -3.45042348e-02  3.26525416e-01  4.44707545e-02  3.54375707e-02
  8.54460065e-03  1.53628737e-02 -7.82836512e-03 -1.83075971e-04
 -1.46522329e-02  2.42633212e-02 -3.26013019e-02  4.34408803e-02
  2.62308092e-03 -1.23925223e-01  6.59847680e-02 -8.77645841e-03
 -1.96390968e-01 -2.29163982e-01 -3.55747102e-03  1.80929917e-01
 -1.37559444e-01  1.22090977e-03 -1.86515542e-03 -9.19024731e-02
  3.11203372e-02  1.94632940e-03 -1.81289570e-03  4.11093010e-02
 -1.44542678e-01 -5.18553487e-05 -1.29045712e-01 -3.38337676e-03
  8.79663797e-02  2.47153896e-01 -3.18610962e-02 -1.34193550e-03
 -1.64417480e-02 -1.79101466e-01 -1.39667171e-02 -4.89111115e-03
  1.57292041e-01 -1.19769721e-03 -5.25446939e-02 -2.12629924e-01
 -1.07476456e-02 -2.32977166e-02 -2.56941982e-02 -1.71002793e-01
 -2.92240513e-02 -1.34231347e+00  2.59419682e-02  1.49231491e-02]"
0.852051282051282,"[ 1.48727289e+00  1.25716076e+00  1.53688093e+00  1.41620453e+00
  1.51189833e+00  1.51342892e+00  1.55730183e+00  1.32266645e+00
  1.52541639e+00  1.43176077e+00  1.38185532e+00  1.31137057e+00
  1.41204382e+00  1.50185776e+00  1.32855032e+00 -2.51195245e-02
 -4.42229035e-03 -1.24196090e-02  1.09989414e-03 -1.47857415e+00
  1.04256436e-02 -2.01214058e-01 -4.37752992e-03  1.26153970e-01
  1.10410227e-01  2.20521709e-02 -1.12893869e-02  1.35277781e+00
 -1.96618197e-01  2.74668426e-01  5.44888611e-02  8.09577106e-03
 -2.12457502e-02  1.54676070e-02 -3.58854809e-02 -6.93062963e-02
  1.71650234e-02  2.51378525e-02  8.26864549e-02 -4.67184179e-02
  1.09823219e-02  5.06627983e-02  4.63697083e-02 -1.78701186e-02
  2.28899933e-04 -2.19589672e-03 -3.99234439e-03  1.34660591e+00
  3.48954900e-03 -1.13543620e-02 -9.13293427e-03  1.55261176e+00
 -3.00599808e-02  2.09747072e-02  4.88225065e-03 -1.32573414e+00
 -3.31215813e-03 -3.92253112e-02 -1.28973310e+00 -1.38562367e-01
  4.59625002e-02 -1.38772093e-03 -7.73462175e-02  1.69717383e-03
 -2.43085631e-02  5.53501484e-04 -1.32920203e-04  7.82843062e-02
  2.61427078e-03  2.94102348e-01  1.71313541e-02 -2.23918511e-02
  6.39792695e-02  2.00273505e-03 -1.32359723e-02  4.13087343e-02
 -8.73993681e-02  3.12868785e-03 -7.66890886e-03  1.28741436e-01
  1.68919570e-01 -1.46160355e-01  8.51160380e-04 -9.02306648e-02
 -1.98002604e-01 -3.62256701e-02 -4.82782452e-03  2.85311584e-01
 -1.46997085e-01  6.12731595e-03  8.80351120e-04 -5.12613696e-02
  4.09871943e-04  1.21981780e-02 -1.41468546e-02  2.03089428e-02
  1.28740361e-02  4.92459585e-03 -1.15089329e-01 -7.78033739e-03
 -9.70838783e-04  1.48177835e-01  5.69451846e-03  1.16788841e-03
 -9.39264581e-03  2.52259104e-02 -6.33563919e-03  3.45785866e-02
  8.84957161e-02  5.46823457e-04 -8.38163756e-02 -1.29380173e-01
 -8.88142435e-03  1.42538414e-01  7.53599262e-02 -1.77014615e-01
 -1.62011092e-01 -1.27877742e+00  4.34653534e-02  9.33863578e-04]"
0.8756410256410256,"[ 1.52452143e+00  1.47529627e+00  1.50438898e+00  1.44471529e+00
  1.56309692e+00  1.52105119e+00  1.52074991e+00  1.41391152e+00
  1.54536904e+00  1.42959506e+00  1.41140197e+00  1.39874283e+00
  1.39823885e+00  1.50750694e+00  1.39359879e+00 -6.48870996e-03
  4.86069968e-03 -2.46724767e-02 -9.14663322e-03 -2.20363553e-01
 -1.09082645e-03 -2.05598647e-02 -3.19151754e-03  1.13299057e-02
  1.31565246e-01  6.61883805e-03 -2.09897978e-02  3.53238167e-04
 -2.71296332e-01  1.33205175e+00 -7.60515024e-02 -1.50408578e-03
  2.15919546e-02  7.49637762e-04 -7.58501966e-03 -1.33249765e+00
  4.26191284e-02 -1.14135065e-02  1.89201300e-02  4.33545241e-02
  7.53707626e-03  1.16139422e-01  7.61305260e-02 -1.34762905e-03
 -3.38877873e-03  1.00615673e-03 -2.57134398e-02  4.85748210e-03
 -7.86044441e-02  1.91484860e-02 -5.71374286e-02  1.47349893e+00
  1.81541596e-02  1.31324141e-01 -5.16724506e-03 -1.95899797e-01
 -6.18671997e-04  5.53040129e-03 -1.88887390e-01 -1.80803454e-01
  6.44736587e-02 -4.28383868e-02 -1.55649864e-01 -5.84096895e-02
  1.15961255e-02 -2.16173124e-03  1.73074259e-03  2.34019836e-01
 -3.68363893e-04  1.55441884e-01  2.19696571e-03 -1.28199867e-03
 -1.60187284e-03 -9.52904973e-03  3.91398779e-04  5.31160962e-02
 -7.80988053e-02 -5.33342444e-04 -2.68830914e-02  3.11136177e-03
  1.16109050e-01 -1.11054160e-02  1.32539877e-01 -6.74416288e-02
 -1.86948850e-01 -1.41039003e+00 -5.09416544e-04  1.72402858e-01
 -2.26510326e-02  1.37300306e+00  1.26974009e-03 -5.50155116e-03
  9.83374187e-03  1.13852913e-01 -1.11385367e-01  2.93873288e-02
 -6.58027398e-03 -9.54735184e-02  3.01292466e-03 -1.54242834e-02
 -5.94563021e-04  1.48543787e-01 -6.02630301e-04 -6.26827650e-03
 -2.09521613e-02 -2.90881988e-02  1.67045821e-03 -4.08832478e-03
  1.40204129e-01  3.63181652e-02 -2.06723063e-01 -9.07492894e-02
  4.26736608e-02  5.29122617e-02  5.67230943e-03 -2.72610346e-01
  1.76902123e-02 -9.76779932e-02  4.83568698e-02  6.78334008e-03]"
0.8992307692307692,"[ 1.56189848e+00  1.43227373e+00  1.49412871e+00  1.45855444e+00
  1.54496137e+00  1.51653001e+00  1.59799648e+00  1.48604348e+00
  1.55249402e+00  1.54510324e+00  1.30240935e+00  1.50613624e+00
  1.54191374e+00  1.51857769e+00  1.49040562e+00 -2.55499943e-03
  5.23003806e-04 -6.46612050e-02 -5.70322163e-04 -1.26148370e-01
 -1.30210619e-01 -1.86791955e-01  3.07365845e-03  2.66893275e-03
  1.83302594e-02 -3.38218029e-03 -1.89643072e-03  1.68325153e-03
 -2.06705146e-01  1.48332816e+00 -1.52786798e-01 -6.09130686e-04
  2.03781885e-03  9.21898721e-02 -3.80295269e-02 -6.64907016e-02
 -1.82048328e-03 -1.95461103e-03  1.90506557e-02  1.35893954e+00
  2.58910106e-03  2.82743792e-04 -2.25393254e-02 -4.23513286e-02
  1.40422898e-02  7.93439110e-02 -8.56344277e-03 -1.51090537e-02
  1.10821591e-02  8.19789470e-02 -7.48742287e-02  1.50076406e+00
 -1.85488804e-01  4.88737549e-02 -2.94754165e-02 -1.56383697e-01
 -2.58324369e-02  1.76691567e-01 -1.17325961e-01 -6.07182350e-02
 -7.19056652e-02  7.85269977e-03 -9.30529423e-02  5.38572306e-02
  9.34608409e-02  9.61649961e-02  1.60625329e-02  1.02586638e-01
  3.69483728e-03  1.73906755e-01  4.61040831e-03  5.84591280e-03
  2.21269409e-02 -1.11345649e-01  1.41026756e-02  6.96306305e-02
 -7.08975348e-02  1.34149965e-02 -1.47907100e-01  8.83362663e-02
  1.21245832e-02 -1.89188622e-03  7.38443530e-02 -1.10192513e-01
 -1.08808281e-01 -1.49962440e-01  9.86085068e-03  7.96643636e-02
  7.44797068e-03  1.65570590e-01  1.17554059e-02 -9.39983045e-02
 -1.96707085e-03  2.29050358e-03  1.02468296e-01  2.90442158e-02
  2.33295420e-03  1.90302353e-02  2.32415200e-03 -6.98470823e-03
  2.34906135e-03  2.84150684e-01  1.71164488e-03  7.95163506e-03
 -6.68713397e-03  5.22118414e-03  3.15928275e-03  1.50652791e-03
  2.63496696e-02  1.65751384e-01 -1.29119474e-01 -6.43623525e-03
  8.65250154e-02  3.03502287e-02  1.42573746e-03 -1.21702082e-01
  1.40795318e-02 -1.43296994e-01  8.51092038e-02  9.33755347e-02]"
0.9228205128205128,"[ 1.54087972e+00  1.49920458e+00  1.56911299e+00  1.47517985e+00
  1.57114038e+00  1.56477237e+00  1.54882563e+00  1.55451318e+00
  1.54204349e+00  1.55195759e+00  1.51260349e+00  1.56888827e+00
  1.55170445e+00  1.50900615e+00  1.55843525e+00  7.01337807e-02
 -6.73934579e-04 -1.03871080e-01  1.48106366e-03 -1.31957083e-01
 -1.44114156e-01 -1.17191674e-01  5.28175862e-03 -2.85572375e-03
  1.58092936e-01 -1.43078174e-03 -7.84106683e-04 -1.25103592e-02
 -9.01188150e-02  1.19544664e-01 -2.76551874e-02  1.21811208e-03
  4.44387380e-02 -3.70621844e-05 -1.17097490e-01  4.06394389e-02
 -7.13692979e-02  4.71546118e-03  1.82751496e-03  5.11020129e-03
  1.83397577e-01  1.43181929e-02  5.90532540e-02  1.10152084e-03
 -3.04219369e-02  3.83734037e-04 -2.24079651e-03  1.97359439e-03
 -1.03133804e-02  2.41961321e-05 -4.43988553e-03  2.23393596e-01
 -4.81738410e-02 -7.93189776e-04 -1.24908845e-02 -2.24483287e-01
  9.23057181e-02 -2.44277883e-02 -5.02174698e-02 -9.69114571e-03
  1.76005537e-02 -3.56428181e-04 -3.96379655e-02  4.14950835e-02
  1.73734147e-01  8.21735961e-02 -2.30123713e-03  2.16277459e-01
  2.49238209e-03  3.50484908e-02 -9.79119816e-03  7.44949241e-04
  1.10481709e-03 -7.45134308e-02  3.25917049e-03  4.36915999e-03
 -8.44352007e-02  3.28857524e-02 -3.31585583e-02  9.83993148e-02
  3.44430787e-04 -8.50348696e-03  2.45469635e-02 -5.83390326e-02
  7.20889782e-03 -1.52924725e-01  1.28133602e-01  1.60528437e-01
  1.14281861e-03  6.68214579e-02  1.36413728e-02  3.19054709e-02
 -8.41902274e-03  2.07240737e-03  5.54475722e-02  6.74664829e-04
 -6.80619438e-03  6.92720694e-03 -6.21639588e-03 -9.45117578e-03
 -3.14353588e-02  1.75130525e-01 -4.04214311e-04  1.55602239e-01
 -1.24376858e-02  3.31322831e-02 -9.28918153e-04 -5.99961188e-02
  6.50798200e-03  1.92049723e-01 -2.12169901e-01  1.59615880e-02
  2.94939349e-02  8.42389763e-04 -1.79416481e-03  1.47790674e-04
 -2.89529256e-04 -1.51647707e-01  1.85788904e-03  1.27014476e-02]"
0.9464102564102563,"[ 1.56923073e+00  1.56756844e+00  1.57487948e+00  1.49790555e+00
  1.57096799e+00  1.57358299e+00  1.55484340e+00  1.49268296e+00
  1.57232244e+00  1.60788417e+00  1.56687202e+00  1.54864673e+00
  1.57192896e+00  1.50947720e+00  1.56986683e+00  1.46568159e+00
  3.42464143e-03 -1.41384139e-01 -1.42717605e-03 -3.53350036e-02
 -1.40256809e+00 -4.71025674e-02 -1.20169448e-04  1.34880940e-01
 -1.82977099e-03 -3.63200248e-04 -2.00059160e-02 -9.87151955e-03
 -3.53918326e-03 -1.98591943e-02  9.81170756e-03  8.24721862e-04
  4.32543776e-03  8.33887263e-02 -2.29148037e-02 -2.18329639e-03
 -4.26514857e-05 -5.87319555e-02 -1.61754091e-03  1.47013405e+00
  1.55352063e-01 -1.74343450e-03  8.73813128e-02 -1.05837455e-03
 -4.54100812e-03 -2.82607379e-02 -3.03820673e-03 -1.55416309e-03
  1.58852999e-02  3.07206493e-02  8.59476697e-04  1.78552484e-01
 -5.35722936e-02  1.77819437e-03  1.75466757e-03 -1.59264155e-01
  1.00547821e-02  7.55244261e-02  2.24293865e-03 -1.25592655e-01
  4.44904203e-03  4.78248087e-02  1.50724427e-03  9.12566335e-02
  1.39068207e-01 -9.58770098e-04  6.29274600e-04  7.76091094e-03
 -1.32339523e-04 -1.81845964e-03 -1.31230305e-03 -5.40745469e-04
 -5.52587873e-04  3.92876521e-03  1.88068557e-01  5.74188205e-02
 -3.80661655e-02 -9.20112102e-03  9.04459196e-03  1.60746877e-01
  9.12373997e-04  6.13605979e-04 -6.76536686e-02  4.71854144e-04
 -9.83614647e-02 -1.08967013e-01  1.95312526e-02 -2.32837302e-02
 -2.35546733e-04  1.44124796e+00 -2.93079391e-02  1.13657779e-02
  7.77349862e-04  2.06278330e-02 -1.45303990e-01  2.36898792e-03
 -1.73403481e-03  2.75590055e-02 -1.29287199e-03 -2.24595762e-03
 -8.78043100e-02  1.56374863e-01 -9.74677239e-03  1.17540521e-01
 -2.54645380e-04  7.25779700e-02 -1.84704663e-03 -1.25191227e-03
  3.95716671e-02  5.38139475e-04 -1.60864018e-01  1.46006070e-03
  3.47930781e-02  1.53825515e-02 -1.13176508e-03 -5.94515438e-02
 -4.67025242e-04 -2.01301513e-02  7.17663377e-04 -1.67607780e-02]"
0.97,"[ 1.71362629e+00  1.58436437e+00  1.43725345e+00  1.69303494e+00
  1.56929325e+00  1.57081375e+00  1.54122253e+00  1.57136073e+00
  1.61295926e+00  1.57089198e+00  1.65571028e+00  1.56879526e+00
  1.48565997e+00  1.57139634e+00  1.54082118e+00  5.28696312e-02
  7.21360715e-02 -1.58729548e-01 -7.22939541e-03 -6.70038057e-04
 -1.37657433e-02  5.88876455e-03  4.77595605e-03  4.61332733e-02
  3.98895231e-02 -2.36185783e-03 -2.52803976e-02  5.49317772e-04
 -4.51527121e-03  1.67164519e-03 -9.53742368e-03  7.29829637e-04
  1.24397633e-01  9.15780560e-02  7.50567591e-04  8.00470680e-02
 -3.50460185e-05  3.00389092e-03 -4.26778460e-04 -9.69357401e-04
 -3.06006717e-04 -3.77352399e-04  1.47803545e+00  2.37954435e-03
 -1.34818233e-04  3.06671420e-02 -9.08294429e-04 -2.37194317e-02
 -1.92905623e-03 -1.38570625e-02  4.17382927e-03  1.56637128e+00
  3.02571412e-04  3.01943736e-02 -5.20448946e-03 -4.78424987e-04
 -5.98051279e-02  2.04967758e-02  4.29738637e-03  9.71214857e-04
 -1.28988458e-01  6.17703824e-03  9.78331354e-04 -1.12966732e-03
  1.52482583e+00  3.98788626e-05  9.91055603e-02  6.51630438e-04
  7.63137696e-02 -1.65119547e-04  1.76858082e-04  9.07360479e-02
  8.10980886e-03 -7.11940237e-05 -1.89647791e-04  1.13016148e-01
  3.55996340e-04  1.19058160e-03  6.61500140e-04  5.10189283e-04
  9.90038557e-05 -1.09715743e-03 -1.95608954e-04  2.44934754e-04
 -5.61104176e-03 -6.97239253e-04  5.30365736e-04 -1.26078122e-02
 -2.36906310e-04  9.53040387e-03  9.98171786e-04 -3.78370843e-04
  9.47134458e-02  1.15215826e-04  1.92013379e-03 -3.94759574e-04
  1.20603482e-03  1.41353342e-01  4.99555843e-04  1.24464904e-03
  8.04135357e-03  7.20342043e-02 -7.64501266e-03  9.70134477e-02
  2.81369754e-04  1.33647031e-01  1.07075445e-01 -1.38434007e-04
 -3.26308928e-04 -3.66599624e-04 -1.06079093e-03 -5.84144184e-03
  1.68118257e-04  4.84484290e-04  1.14790368e-02  1.52905728e-04
 -3.64834263e-04  7.20996948e-04 -1.37318629e+00 -6.39210165e-04]"
