run_id,run_type,dataset_name,num_nodes,model,num_samples,generated_bipartite_pct,dataset_bipartite_pct,generated_edge_prob,dataset_edge_prob,generated_mean_degree,dataset_mean_degree,generated_std_degree,dataset_std_degree,gen_avg_clustering_coeff,dataset_avg_clustering_coeff,gen_avg_shortest_path,dataset_avg_shortest_path,edge_prob_diff,mean_degree_diff,std_degree_diff,clustering_coeff_diff,avg_shortest_path_diff
evaluation_results/10N_Bipartite/old_hpo1/Dense,Evaluation,10N_Bipartite_Dense,10,Dense,512,0.1953,100,0.3928,0.347,3.5348,3.1229,1.3817,1.4859,0.3759,0,1.7316,1.8173,0.0458,0.4119,0.1041,0.3759,0.0857
evaluation_results/10N_Bipartite/old_hpo1/Medium,Evaluation,10N_Bipartite_Medium,10,Medium,512,43.1641,100,0.2421,0.2307,2.1789,2.076,1.1213,1.3096,0.1067,0,2.115,2.1109,0.0114,0.1029,0.1883,0.1067,0.0041
evaluation_results/10N_Bipartite/old_hpo1/Sparse,Evaluation,10N_Bipartite_Sparse,10,Sparse,256,65.2344,100,0.1815,0.1771,1.6336,1.5937,1.0247,1.0706,0.0544,0,2.1194,2.1652,0.0044,0.0399,0.0458,0.0544,0.0458
evaluation_results/10N_Bipartite/old_hpo2/Dense,Evaluation,10N_Bipartite_Dense,10,Dense,512,0.3906,100,0.3967,0.347,3.5707,3.1229,1.3676,1.4859,0.3678,0,1.73,1.8173,0.0498,0.4478,0.1182,0.3678,0.0873
evaluation_results/10N_Bipartite/old_hpo2/Medium,Evaluation,10N_Bipartite_Medium,10,Medium,512,37.5,100,0.2446,0.2307,2.2016,2.076,1.1437,1.3096,0.1127,0,2.1115,2.1109,0.014,0.1256,0.1659,0.1127,0.0006
evaluation_results/10N_Bipartite/old_hpo2/Sparse,Evaluation,10N_Bipartite_Sparse,10,Sparse,512,51.7578,100,0.2013,0.1771,1.8113,1.5937,1.0588,1.0706,0.0791,0,2.1051,2.1652,0.0242,0.2177,0.0118,0.0791,0.0601
evaluation_results/10N_Bipartite/old_hpo3/Dense,Evaluation,10N_Bipartite_Dense,10,Dense,512,0.3906,100,0.4008,0.347,3.6074,3.1229,1.3866,1.4859,0.3754,0,1.7308,1.8173,0.0538,0.4845,0.0992,0.3754,0.0864
evaluation_results/10N_Bipartite/old_hpo3/Medium,Evaluation,10N_Bipartite_Medium,10,Medium,512,39.2578,100,0.2404,0.2307,2.1637,2.076,1.1484,1.3096,0.107,0,2.0903,2.1109,0.0097,0.0877,0.1612,0.107,0.0206
evaluation_results/10N_Bipartite/old_hpo3/Sparse,Evaluation,10N_Bipartite_Sparse,10,Sparse,512,47.0703,100,0.2073,0.1771,1.866,1.5937,1.0829,1.0706,0.0898,0,2.1285,2.1652,0.0303,0.2724,0.0124,0.0898,0.0367
evaluation_results/10N_Bipartite/run_20250704_125454/Dense,Evaluation,10N_Bipartite_Dense,10,Dense,512,0.7812,100,0.3688,0.347,3.3195,3.1229,1.3098,1.4859,0.3406,0,1.8088,1.8173,0.0218,0.1966,0.176,0.3406,0.0084
evaluation_results/10N_Bipartite/run_20250704_125454/Medium,Evaluation,10N_Bipartite_Medium,10,Medium,512,0,100,0.4114,0.2307,3.7027,2.076,1.4154,1.3096,0.4067,0,1.7037,2.1109,0.1807,1.6267,0.1058,0.4067,0.4072
evaluation_results/10N_Bipartite/run_20250704_125454/Sparse,Evaluation,10N_Bipartite_Sparse,10,Sparse,512,0,100,0.4563,0.1771,4.1062,1.5937,1.3961,1.0706,0.4314,0,1.6153,2.1652,0.2792,2.5126,0.3255,0.4314,0.5499
evaluation_results/10N_Bipartite/run_20250716_095712/Dense,Evaluation,10N_Bipartite_Dense,10,Dense,512,12.3047,100,0.2871,0.347,2.5836,3.1229,1.2082,1.4859,0.2022,0,2.0197,1.8173,0.0599,0.5393,0.2777,0.2022,0.2024
evaluation_results/10N_Bipartite/run_20250716_095712/Medium,Evaluation,10N_Bipartite_Medium,10,Medium,512,33.3984,100,0.2154,0.2307,1.9387,2.076,1.1205,1.3096,0.1316,0,2.0684,2.1109,0.0153,0.1373,0.1891,0.1316,0.0425
evaluation_results/10N_Bipartite/run_20250716_095712/Sparse,Evaluation,10N_Bipartite_Sparse,10,Sparse,512,15.2344,100,0.2757,0.1771,2.4816,1.5937,1.2131,1.0706,0.2027,0,2.0408,2.1652,0.0987,0.888,0.1426,0.2027,0.1244
evaluation_results/10N_ER/run_20250704_103803/Dense,Evaluation,10N_ER_Dense,10,Dense,512,0,0,0.6283,0.7884,5.6547,7.096,1.2833,1.2088,0.6306,0.7887,1.3781,1.2116,0.1601,1.4413,0.0746,0.1581,0.1666
evaluation_results/10N_ER/run_20250704_103803/Medium,Evaluation,10N_ER_Medium,10,Medium,512,0,0.2,0.485,0.438,4.3652,3.9424,1.2985,1.4627,0.4708,0.4242,1.57,1.6505,0.047,0.4228,0.1642,0.0466,0.0805
evaluation_results/10N_ER/run_20250704_103803/Sparse,Evaluation,10N_ER_Sparse,10,Sparse,512,0,33.8,0.5,0.1919,4.5004,1.7268,1.3368,1.1545,0.4979,0.1196,1.5457,2.1311,0.3082,2.7736,0.1823,0.3784,0.5854
evaluation_results/10N_ER/run_20250716_103917/Dense,Evaluation,10N_ER_Dense,10,Dense,512,0,0,0.565,0.7884,5.0848,7.096,1.2993,1.2088,0.5611,0.7887,1.4549,1.2116,0.2235,2.0112,0.0905,0.2277,0.2434
evaluation_results/10N_ER/run_20250716_103917/Medium,Evaluation,10N_ER_Medium,10,Medium,512,8.0078,0.2,0.2998,0.438,2.698,3.9424,1.1902,1.4627,0.2453,0.4242,2.0023,1.6505,0.1383,1.2444,0.2725,0.1789,0.3518
evaluation_results/10N_ER/run_20250716_103917/Sparse,Evaluation,10N_ER_Sparse,10,Sparse,512,17.9688,33.8,0.2476,0.1919,2.2285,1.7268,1.1688,1.1545,0.1807,0.1196,2.0893,2.1311,0.0557,0.5017,0.0142,0.0611,0.0419
evaluation_results/14N_Bipartite/run_20250716_213333/Dense,Evaluation,14N_Bipartite_Dense,14,Dense,512,0,100,0.4961,0.3727,6.4489,4.8445,1.9107,2.0946,0.4962,0,1.5178,1.7407,0.1234,1.6044,0.1838,0.4962,0.2229
evaluation_results/14N_Bipartite/run_20250716_213333/Medium,Evaluation,14N_Bipartite_Medium,14,Medium,512,0.7812,100,0.2471,0.2084,3.2118,2.7096,1.4582,1.6521,0.2193,0,2.1402,2.2651,0.0386,0.5022,0.1939,0.2193,0.1249
evaluation_results/14N_Bipartite/run_20250716_213333/Sparse,Evaluation,14N_Bipartite_Sparse,14,Sparse,512,0,100,0.383,0.1042,4.9794,1.3545,1.6736,1.124,0.3687,0,1.7112,2.388,0.2788,3.6249,0.5496,0.3687,0.6769
evaluation_results/14N_ER/run_20250716_212010/Dense,Evaluation,14N_ER_Dense,14,Dense,512,0,0,0.7186,0.8145,9.3412,10.588,1.5042,1.5603,0.7211,0.8151,1.2815,1.1855,0.0959,1.2468,0.0561,0.0941,0.0959
evaluation_results/14N_ER/run_20250716_212010/Medium,Evaluation,14N_ER_Medium,14,Medium,512,0,0,0.5452,0.4487,7.0882,5.8337,1.6367,1.8337,0.5455,0.4441,1.4614,1.5928,0.0965,1.2545,0.197,0.1014,0.1314
evaluation_results/14N_ER/run_20250716_212010/Sparse,Evaluation,14N_ER_Sparse,14,Sparse,512,0,27.9,0.2758,0.1575,3.5848,2.0469,1.4974,1.3919,0.2507,0.1045,2.0328,2.3979,0.1183,1.538,0.1055,0.1462,0.3651
evaluation_results/18N_Bipartite/old_hpo1/Dense,Evaluation,18N_Bipartite_Dense,18,Dense,512,0,100,0.4213,0.3697,7.1625,6.2841,2.2115,2.8588,0.4273,0,1.6026,1.7198,0.0517,0.8785,0.6473,0.4273,0.1172
evaluation_results/18N_Bipartite/old_hpo1/Medium,Evaluation,18N_Bipartite_Medium,18,Medium,512,0.1953,100,0.2413,0.1967,4.1013,3.3441,1.8461,2.0236,0.1903,0,2.0642,2.2788,0.0445,0.7572,0.1775,0.1903,0.2146
evaluation_results/18N_Bipartite/old_hpo1/Sparse,Evaluation,18N_Bipartite_Sparse,18,Sparse,512,2.1484,100,0.1532,0.0747,2.6039,1.2702,1.4419,1.1675,0.1151,0,2.6119,2.5455,0.0785,1.3338,0.2744,0.1151,0.0664
evaluation_results/18N_Bipartite/old_hpo1 copy/Dense,Evaluation,18N_Bipartite_Dense,18,Dense,512,0,100,0.4369,0.3697,7.428,6.2841,2.2037,2.8588,0.4393,0,1.5812,1.7198,0.0673,1.1439,0.6551,0.4393,0.1386
evaluation_results/18N_Bipartite/old_hpo1 copy/Medium,Evaluation,18N_Bipartite_Medium,18,Medium,512,0.1953,100,0.2425,0.1967,4.1224,3.3441,1.8576,2.0236,0.1957,0,2.0489,2.2788,0.0458,0.7783,0.166,0.1957,0.2299
evaluation_results/18N_Bipartite/old_hpo1 copy/Sparse,Evaluation,18N_Bipartite_Sparse,18,Sparse,512,25.7812,100,0.1005,0.0747,1.7086,1.2702,1.3019,1.1675,0.0704,0,2.6795,2.5455,0.0258,0.4384,0.1344,0.0704,0.1341
evaluation_results/18N_Bipartite/old_hpo1 copy 2/Dense,Evaluation,18N_Bipartite_Dense,18,Dense,512,0,100,0.4148,0.3697,7.0514,6.2841,2.1735,2.8588,0.4125,0,1.611,1.7198,0.0451,0.7673,0.6853,0.4125,0.1088
evaluation_results/18N_Bipartite/old_hpo1 copy 2/Medium,Evaluation,18N_Bipartite_Medium,18,Medium,512,0,100,0.2484,0.1967,4.222,3.3441,1.8945,2.0236,0.2171,0,2.0155,2.2788,0.0516,0.8779,0.1292,0.2171,0.2634
evaluation_results/18N_Bipartite/old_hpo1 copy 2/Sparse,Evaluation,18N_Bipartite_Sparse,18,Sparse,512,0.9766,100,0.1622,0.0747,2.7582,1.2702,1.459,1.1675,0.1347,0,2.542,2.5455,0.0875,1.4881,0.2915,0.1347,0.0035
evaluation_results/18N_Bipartite/run_20250717_212628/Dense,Evaluation,18N_Bipartite_Dense,18,Dense,512,0,100,0.2302,0.3697,3.9134,6.2841,1.6593,2.8588,0.2128,0,2.1274,1.7198,0.1395,2.3707,1.1995,0.2128,0.4076
evaluation_results/18N_Bipartite/run_20250717_212628/Medium,Evaluation,18N_Bipartite_Medium,18,Medium,512,0,100,0.4589,0.1967,7.8014,3.3441,2.0947,2.0236,0.4515,0,1.5517,2.2788,0.2622,4.4573,0.071,0.4515,0.7271
evaluation_results/18N_Bipartite/run_20250717_212628/Sparse,Evaluation,18N_Bipartite_Sparse,18,Sparse,512,0,100,0.3842,0.0747,6.5317,1.2702,1.9329,1.1675,0.3804,0,1.6619,2.5455,0.3095,5.2615,0.7654,0.3804,0.8835
evaluation_results/18N_ER/run_20250717_121147/Dense,Evaluation,18N_ER_Dense,18,Dense,512,0,0,0.6974,0.8255,11.8555,14.0329,1.7712,1.8947,0.6972,0.826,1.3026,1.1745,0.1281,2.1774,0.1235,0.1288,0.1281
evaluation_results/18N_ER/run_20250717_121147/Medium,Evaluation,18N_ER_Medium,18,Medium,512,0,0,0.4454,0.4428,7.572,7.5274,1.9095,2.2226,0.4441,0.4432,1.5702,1.5813,0.0026,0.0446,0.3131,0.0009,0.0111
evaluation_results/18N_ER/run_20250717_121147/Sparse,Evaluation,18N_ER_Sparse,18,Sparse,512,0,17.7,0.346,0.1497,5.8813,2.5446,1.8338,1.6892,0.3409,0.1135,1.7389,2.5259,0.1963,3.3367,0.1446,0.2274,0.787
evaluation_results/8N_Bipartite/run_20250708_220824/Dense,Evaluation,8N_Bipartite_Dense,8,Dense,512,16.2109,100,0.3742,0.311,2.6191,2.1772,1.0552,1.1602,0.2467,0,1.8146,1.9132,0.0631,0.4419,0.105,0.2467,0.0986
evaluation_results/8N_Bipartite/run_20250708_220824/Medium,Evaluation,8N_Bipartite_Medium,8,Medium,512,14.2578,100,0.3707,0.2887,2.5947,2.0212,1.0762,1.1318,0.2635,0,1.8238,1.9038,0.0819,0.5735,0.0556,0.2635,0.08
evaluation_results/8N_Bipartite/run_20250708_220824/Sparse,Evaluation,8N_Bipartite_Sparse,8,Sparse,512,30.2734,100,0.305,0.2256,2.1348,1.5789,1.0359,1.0006,0.1845,0,1.8868,1.9347,0.0794,0.5558,0.0353,0.1845,0.0479
evaluation_results/8N_Bipartite/run_20250709_142105/Dense,Evaluation,8N_Bipartite_Dense,8,Dense,512,14.6484,100,0.382,0.311,2.6738,2.1772,1.055,1.1602,0.2597,0,1.7991,1.9132,0.0709,0.4966,0.1052,0.2597,0.114
evaluation_results/8N_Bipartite/run_20250709_142105/Medium,Evaluation,8N_Bipartite_Medium,8,Medium,512,17.5781,100,0.3732,0.2887,2.6123,2.0212,1.087,1.1318,0.2535,0,1.8176,1.9038,0.0844,0.5911,0.0447,0.2535,0.0862
evaluation_results/8N_Bipartite/run_20250709_142105/Sparse,Evaluation,8N_Bipartite_Sparse,8,Sparse,512,31.8359,100,0.2937,0.2256,2.0562,1.5789,1.0431,1.0006,0.1735,0,1.8638,1.9347,0.0682,0.4772,0.0425,0.1735,0.0709
evaluation_results/8N_Bipartite/run_20250714_104340/Dense,Evaluation,8N_Bipartite_Dense,8,Dense,512,19.5312,100,0.354,0.311,2.478,2.1772,1.037,1.1602,0.2285,0,1.8429,1.9132,0.043,0.3008,0.1232,0.2285,0.0703
evaluation_results/8N_Bipartite/run_20250714_104340/Medium,Evaluation,8N_Bipartite_Medium,8,Medium,512,17.7734,100,0.3567,0.2887,2.4966,2.0212,1.0586,1.1318,0.2514,0,1.8344,1.9038,0.0679,0.4754,0.0732,0.2514,0.0694
evaluation_results/8N_Bipartite/run_20250714_104340/Sparse,Evaluation,8N_Bipartite_Sparse,8,Sparse,512,33.5938,100,0.3039,0.2256,2.1274,1.5789,1.0593,1.0006,0.1714,0,1.87,1.9347,0.0784,0.5485,0.0587,0.1714,0.0647
evaluation_results/8N_Bipartite/run_20250715_165138/Dense,Evaluation,8N_Bipartite_Dense,8,Dense,512,34.9609,100,0.2788,0.311,1.9517,2.1772,1.0351,1.1602,0.1643,0,1.8971,1.9132,0.0322,0.2255,0.125,0.1643,0.0161
evaluation_results/8N_Bipartite/run_20250715_165138/Medium,Evaluation,8N_Bipartite_Medium,8,Medium,512,31.6406,100,0.3066,0.2887,2.1465,2.0212,1.012,1.1318,0.1792,0,1.9007,1.9038,0.0179,0.1253,0.1198,0.1792,0.003
evaluation_results/8N_Bipartite/run_20250715_165138/Sparse,Evaluation,8N_Bipartite_Sparse,8,Sparse,512,48.6328,100,0.2539,0.2256,1.7773,1.5789,0.9962,1.0006,0.1406,0,1.8676,1.9347,0.0283,0.1984,0.0045,0.1406,0.0671
evaluation_results/8N_ER/run_20250709_142102/Dense,Evaluation,8N_ER_Dense,8,Dense,512,0,0,0.663,0.7618,4.6411,5.3325,1.0673,1.0715,0.6622,0.7648,1.3488,1.2386,0.0988,0.6914,0.0043,0.1026,0.1102
evaluation_results/8N_ER/run_20250709_142102/Medium,Evaluation,8N_ER_Medium,8,Medium,512,1.9531,0.5,0.4648,0.442,3.2534,3.0938,1.1224,1.2088,0.4115,0.3886,1.6292,1.669,0.0228,0.1597,0.0864,0.0229,0.0398
evaluation_results/8N_ER/run_20250709_142102/Sparse,Evaluation,8N_ER_Sparse,8,Sparse,512,25.7812,51.5,0.3138,0.2207,2.1963,1.545,1.0456,1.0407,0.2185,0.1312,1.8524,1.7864,0.093,0.6513,0.0049,0.0873,0.066
evaluation_results/old/legacy_run_params_10N_Bipartite_Dense_LR0.0009131935892470876_SIGMA0.10121114465217869_INIT0.8314880277242851_NUMLAYERS3,Evaluation,10N_Bipartite_Dense,10,legacy_run_params_10N_Bipartite_Dense_LR0.0009131935892470876_SIGMA0.10121114465217869_INIT0.8314880277242851_NUMLAYERS3,512,0.3906,100,0.4175,0.347,3.7574,3.1229,1.3309,1.4859,0.395,0,1.6914,1.8173,0.0705,0.6345,0.155,0.395,0.1259
evaluation_results/old/legacy_run_params_10N_Bipartite_Medium_LR0.0037711868141441346_SIGMA1.5585418217447389_INIT0.416282403403894_NUMLAYERS2,Evaluation,10N_Bipartite_Medium,10,legacy_run_params_10N_Bipartite_Medium_LR0.0037711868141441346_SIGMA1.5585418217447389_INIT0.416282403403894_NUMLAYERS2,512,8.7891,100,0.2965,0.2307,2.6687,2.076,1.2471,1.3096,0.2365,0,1.9712,2.1109,0.0659,0.5927,0.0625,0.2365,0.1397
evaluation_results/old/legacy_run_params_10N_Bipartite_Sparse_LR0.006115521401940773_SIGMA1.0372657813112909_INIT0.6303388864180629_NUMLAYERS2,Evaluation,10N_Bipartite_Sparse,10,legacy_run_params_10N_Bipartite_Sparse_LR0.006115521401940773_SIGMA1.0372657813112909_INIT0.6303388864180629_NUMLAYERS2,512,15.2344,100,0.2605,0.1771,2.3441,1.5937,1.1747,1.0706,0.1848,0,2.0642,2.1652,0.0834,0.7505,0.1041,0.1848,0.101
evaluation_results/old/legacy_run_params_10N_Bipartite_Sparse_LR0.014049888784460545_SIGMA0.8704785169146021_INIT0.8213822199016373_NUMLAYERS1,Evaluation,10N_Bipartite_Sparse,10,legacy_run_params_10N_Bipartite_Sparse_LR0.014049888784460545_SIGMA0.8704785169146021_INIT0.8213822199016373_NUMLAYERS1,512,23.0469,100,0.2424,0.1771,2.1813,1.5937,1.1503,1.0706,0.1501,0,2.1033,2.1652,0.0653,0.5876,0.0798,0.1501,0.0619
evaluation_results/old/legacy_run_params_10N_ER_Dense_LR0.031248086322939895_SIGMA0.7735621474524553_INIT0.42238728842048007_NUMLAYERS2,Evaluation,10N_ER_Dense,10,legacy_run_params_10N_ER_Dense_LR0.031248086322939895_SIGMA0.7735621474524553_INIT0.42238728842048007_NUMLAYERS2,512,0,0,0.7216,0.7884,6.4945,7.096,1.1868,1.2088,0.7204,0.7887,1.2789,1.2116,0.0668,0.6015,0.022,0.0683,0.0674
evaluation_results/old/legacy_run_params_10N_ER_Medium_LR0.007216520881270238_SIGMA0.6960408118792989_INIT0.893668244257591_NUMLAYERS1,Evaluation,10N_ER_Medium,10,legacy_run_params_10N_ER_Medium_LR0.007216520881270238_SIGMA0.6960408118792989_INIT0.893668244257591_NUMLAYERS1,512,0,0.2,0.4573,0.438,4.1156,3.9424,1.3096,1.4627,0.4448,0.4242,1.624,1.6505,0.0192,0.1732,0.1531,0.0206,0.0265
evaluation_results/old/legacy_run_params_10N_ER_Sparse_LR0.032372631678972856_SIGMA0.7649320273591023_INIT1.5357950633585402_NUMLAYERS1,Evaluation,10N_ER_Sparse,10,legacy_run_params_10N_ER_Sparse_LR0.032372631678972856_SIGMA0.7649320273591023_INIT1.5357950633585402_NUMLAYERS1,512,16.2109,33.8,0.2592,0.1919,2.3324,1.7268,1.1351,1.1545,0.1768,0.1196,2.0505,2.1311,0.0673,0.6056,0.0194,0.0573,0.0806
evaluation_results/old/legacy_run_params_14N_Bipartite_Dense_LR0.05697641941280111_SIGMA0.10993054267369362_INIT1.332910357138958_NUMLAYERS1,Evaluation,14N_Bipartite_Dense,14,legacy_run_params_14N_Bipartite_Dense_LR0.05697641941280111_SIGMA0.10993054267369362_INIT1.332910357138958_NUMLAYERS1,512,0,100,0.4876,0.3727,6.3393,4.8445,1.6306,2.0946,0.482,0,1.5316,1.7407,0.115,1.4948,0.4639,0.482,0.2091
evaluation_results/old/legacy_run_params_14N_Bipartite_Medium_LR0.003700878888183011_SIGMA1.8896275887587226_INIT1.4096892767484017_NUMLAYERS4,Evaluation,14N_Bipartite_Medium,14,legacy_run_params_14N_Bipartite_Medium_LR0.003700878888183011_SIGMA1.8896275887587226_INIT1.4096892767484017_NUMLAYERS4,512,0,100,0.3342,0.2084,4.3451,2.7096,1.6115,1.6521,0.3215,0,1.8222,2.2651,0.1258,1.6356,0.0407,0.3215,0.4429
evaluation_results/old/legacy_run_params_14N_Bipartite_Sparse_LR0.0009135637795619795_SIGMA1.0260396574720994_INIT0.2960938093789271_NUMLAYERS3,Evaluation,14N_Bipartite_Sparse,14,legacy_run_params_14N_Bipartite_Sparse_LR0.0009135637795619795_SIGMA1.0260396574720994_INIT0.2960938093789271_NUMLAYERS3,512,0.5859,100,0.2395,0.1042,3.1133,1.3545,1.442,1.124,0.2038,0,2.1696,2.388,0.1353,1.7588,0.318,0.2038,0.2185
evaluation_results/old/legacy_run_params_14N_Bipartite_Sparse_LR0.001672169486739108_SIGMA0.9231013598757258_INIT0.2562470060605544_NUMLAYERS5,Evaluation,14N_Bipartite_Sparse,14,legacy_run_params_14N_Bipartite_Sparse_LR0.001672169486739108_SIGMA0.9231013598757258_INIT0.2562470060605544_NUMLAYERS5,512,0.1953,100,0.2702,0.1042,3.5123,1.3545,1.4819,1.124,0.2489,0,2.0476,2.388,0.166,2.1578,0.3579,0.2489,0.3404
evaluation_results/old/legacy_run_params_14N_ER_Dense_LR0.003007928492112876_SIGMA0.788257573897633_INIT0.45428405466863664_NUMLAYERS2,Evaluation,14N_ER_Dense,14,legacy_run_params_14N_ER_Dense_LR0.003007928492112876_SIGMA0.788257573897633_INIT0.45428405466863664_NUMLAYERS2,512,0,0,0.7124,0.8145,9.2606,10.588,1.5054,1.5603,0.7135,0.8151,1.2878,1.1855,0.1021,1.3274,0.0549,0.1016,0.1022
evaluation_results/old/legacy_run_params_14N_ER_Medium_LR0.020808717745815757_SIGMA0.8897430791197918_INIT0.6417265067371234_NUMLAYERS3,Evaluation,14N_ER_Medium,14,legacy_run_params_14N_ER_Medium_LR0.020808717745815757_SIGMA0.8897430791197918_INIT0.6417265067371234_NUMLAYERS3,512,0,0,0.4779,0.4487,6.2126,5.8337,1.6353,1.8337,0.4746,0.4441,1.546,1.5928,0.0291,0.3789,0.1984,0.0305,0.0468
evaluation_results/old/legacy_run_params_14N_ER_Sparse_LR0.000674683777427142_SIGMA0.7311700596180342_INIT0.3696050646549004_NUMLAYERS5,Evaluation,14N_ER_Sparse,14,legacy_run_params_14N_ER_Sparse_LR0.000674683777427142_SIGMA0.7311700596180342_INIT0.3696050646549004_NUMLAYERS5,512,0,27.9,0.3015,0.1575,3.9194,2.0469,1.5263,1.3919,0.2815,0.1045,1.933,2.3979,0.144,1.8725,0.1343,0.177,0.465
evaluation_results/old/legacy_run_params_18N_Bipartite_Dense_LR0.00012487564616169122_SIGMA0.10502972406872879_INIT0.6702875946169518_NUMLAYERS3,Evaluation,18N_Bipartite_Dense,18,legacy_run_params_18N_Bipartite_Dense_LR0.00012487564616169122_SIGMA0.10502972406872879_INIT0.6702875946169518_NUMLAYERS3,512,0,100,0.4512,0.3697,7.6708,6.2841,2.1342,2.8588,0.4624,0,1.5626,1.7198,0.0816,1.3867,0.7246,0.4624,0.1572
evaluation_results/old/legacy_run_params_18N_Bipartite_Medium_LR0.0017744784691436084_SIGMA1.8303414487358955_INIT0.823301510869179_NUMLAYERS1,Evaluation,18N_Bipartite_Medium,18,legacy_run_params_18N_Bipartite_Medium_LR0.0017744784691436084_SIGMA1.8303414487358955_INIT0.823301510869179_NUMLAYERS1,512,0,100,0.309,0.1967,5.2526,3.3441,1.8476,2.0236,0.3027,0,1.8333,2.2788,0.1123,1.9085,0.1761,0.3027,0.4455
evaluation_results/old/legacy_run_params_18N_Bipartite_Sparse_LR0.00305852656978405_SIGMA0.8235833357498747_INIT0.4137962673127437_NUMLAYERS3,Evaluation,18N_Bipartite_Sparse,18,legacy_run_params_18N_Bipartite_Sparse_LR0.00305852656978405_SIGMA0.8235833357498747_INIT0.4137962673127437_NUMLAYERS3,512,0,100,0.2648,0.0747,4.5024,1.2702,1.752,1.1675,0.2571,0,1.9749,2.5455,0.1901,3.2322,0.5845,0.2571,0.5706
evaluation_results/old/legacy_run_params_18N_ER_Dense_LR0.0024122980321321335_SIGMA0.8605456674562558_INIT1.001744809410076_NUMLAYERS1,Evaluation,18N_ER_Dense,18,legacy_run_params_18N_ER_Dense_LR0.0024122980321321335_SIGMA0.8605456674562558_INIT1.001744809410076_NUMLAYERS1,512,0,0,0.7238,0.8255,12.3049,14.0329,1.7479,1.8947,0.7253,0.826,1.2762,1.1745,0.1016,1.728,0.1468,0.1007,0.1016
evaluation_results/old/legacy_run_params_18N_ER_Medium_LR0.006024583114622832_SIGMA0.9479329656586278_INIT0.5279665377909606_NUMLAYERS2,Evaluation,18N_ER_Medium,18,legacy_run_params_18N_ER_Medium_LR0.006024583114622832_SIGMA0.9479329656586278_INIT0.5279665377909606_NUMLAYERS2,512,0,0,0.463,0.4428,7.8704,7.5274,1.928,2.2226,0.4636,0.4432,1.5482,1.5813,0.0202,0.343,0.2946,0.0204,0.0331
evaluation_results/old/legacy_run_params_18N_ER_Sparse_LR0.0018098218999634472_SIGMA0.7869622729288522_INIT0.7815394432771323_NUMLAYERS2,Evaluation,18N_ER_Sparse,18,legacy_run_params_18N_ER_Sparse_LR0.0018098218999634472_SIGMA0.7869622729288522_INIT0.7815394432771323_NUMLAYERS2,512,0,17.7,0.2894,0.1497,4.9201,2.5446,1.7916,1.6892,0.29,0.1135,1.8886,2.5259,0.1397,2.3756,0.1024,0.1765,0.6372
evaluation_results/old/legacy_run_params_8N_Bipartite_Dense_LR0.0018973825577720538_SIGMA1.3106607895258173_INIT0.1942402847384792_NUMLAYERS3,Evaluation,8N_Bipartite_Dense,8,legacy_run_params_8N_Bipartite_Dense_LR0.0018973825577720538_SIGMA1.3106607895258173_INIT0.1942402847384792_NUMLAYERS3,512,12.8906,100,0.3624,0.311,2.5371,2.1772,1.0926,1.1602,0.2572,0,1.8105,1.9132,0.0514,0.3599,0.0676,0.2572,0.1026
evaluation_results/old/legacy_run_params_8N_Bipartite_Medium_LR0.003551614405932626_SIGMA1.3352557243570238_INIT0.8853914111571922_NUMLAYERS5,Evaluation,8N_Bipartite_Medium,8,legacy_run_params_8N_Bipartite_Medium_LR0.003551614405932626_SIGMA1.3352557243570238_INIT0.8853914111571922_NUMLAYERS5,512,13.0859,100,0.3638,0.2887,2.5469,2.0212,1.0976,1.1318,0.2712,0,1.8047,1.9038,0.0751,0.5257,0.0342,0.2712,0.0991
simulation_results/8N_Bipartite/run_20250708_220824/Dense,Simulation,8N_Bipartite_Dense,8,Dense,512,24.6094,100,0.3511,0.311,2.458,2.1772,1.0091,1.1602,0.1846,0,1.8545,1.9132,0.0401,0.2808,0.1511,0.1846,0.0587
simulation_results/8N_Bipartite/run_20250708_220824/Medium,Simulation,8N_Bipartite_Medium,8,Medium,512,29.2969,100,0.3324,0.2887,2.3267,2.0212,1.0054,1.1318,0.1722,0,1.8683,1.9038,0.0436,0.3054,0.1263,0.1722,0.0355
simulation_results/8N_Bipartite/run_20250708_220824/Sparse,Simulation,8N_Bipartite_Sparse,8,Sparse,512,50.5859,100,0.2675,0.2256,1.8726,1.5789,0.9652,1.0006,0.1115,0,1.8949,1.9347,0.0419,0.2936,0.0354,0.1115,0.0398
simulation_results/8N_Bipartite/run_20250709_142105/Dense,Simulation,8N_Bipartite_Dense,8,Dense,512,29.6875,100,0.3503,0.311,2.4521,2.1772,1.0101,1.1602,0.1723,0,1.8617,1.9132,0.0393,0.2749,0.1501,0.1723,0.0514
simulation_results/8N_Bipartite/run_20250709_142105/Medium,Simulation,8N_Bipartite_Medium,8,Medium,512,30.8594,100,0.3313,0.2887,2.3193,2.0212,1.0167,1.1318,0.1796,0,1.885,1.9038,0.0426,0.2981,0.115,0.1796,0.0188
simulation_results/8N_Bipartite/run_20250709_142105/Sparse,Simulation,8N_Bipartite_Sparse,8,Sparse,512,62.3047,100,0.255,0.2256,1.7847,1.5789,0.9745,1.0006,0.0816,0,1.9183,1.9347,0.0294,0.2057,0.0262,0.0816,0.0164
simulation_results/8N_Bipartite/run_20250714_104340/Dense,Simulation,8N_Bipartite_Dense,8,Dense,512,34.5703,100,0.3308,0.311,2.3154,2.1772,0.9853,1.1602,0.1548,0,1.8932,1.9132,0.0197,0.1382,0.1749,0.1548,0.0199
simulation_results/8N_Bipartite/run_20250714_104340/Medium,Simulation,8N_Bipartite_Medium,8,Medium,512,35.9375,100,0.3144,0.2887,2.2007,2.0212,0.9896,1.1318,0.1587,0,1.9214,1.9038,0.0256,0.1795,0.1422,0.1587,0.0176
simulation_results/8N_Bipartite/run_20250714_104340/Sparse,Simulation,8N_Bipartite_Sparse,8,Sparse,512,54.8828,100,0.2618,0.2256,1.8325,1.5789,0.9805,1.0006,0.1038,0,1.8989,1.9347,0.0362,0.2536,0.0202,0.1038,0.0358
simulation_results/8N_Bipartite/run_20250715_165138/Dense,Simulation,8N_Bipartite_Dense,8,Dense,512,63.0859,100,0.2403,0.311,1.6821,2.1772,0.9349,1.1602,0.0876,0,1.9243,1.9132,0.0707,0.4951,0.2253,0.0876,0.0111
simulation_results/8N_Bipartite/run_20250715_165138/Medium,Simulation,8N_Bipartite_Medium,8,Medium,512,52.1484,100,0.2704,0.2887,1.8926,2.0212,0.9722,1.1318,0.1153,0,1.9013,1.9038,0.0184,0.1286,0.1596,0.1153,0.0025
simulation_results/8N_Bipartite/run_20250715_165138/Sparse,Simulation,8N_Bipartite_Sparse,8,Sparse,512,69.3359,100,0.2255,0.2256,1.5786,1.5789,0.931,1.0006,0.0589,0,1.877,1.9347,0,0.0003,0.0696,0.0589,0.0577
simulation_results/8N_ER/run_20250709_142102/Dense,Simulation,8N_ER_Dense,8,Dense,512,0,0,0.7003,0.7618,4.9023,5.3325,1.0372,1.0715,0.7027,0.7648,1.3045,1.2386,0.0615,0.4302,0.0343,0.0621,0.066
simulation_results/8N_ER/run_20250709_142102/Medium,Simulation,8N_ER_Medium,8,Medium,512,3.125,0.5,0.461,0.442,3.2271,3.0938,1.0951,1.2088,0.4138,0.3886,1.6315,1.669,0.019,0.1333,0.1137,0.0251,0.0375
simulation_results/8N_ER/run_20250709_142102/Sparse,Simulation,8N_ER_Sparse,8,Sparse,512,31.8359,51.5,0.2862,0.2207,2.0034,1.545,1.0221,1.0407,0.1977,0.1312,1.8496,1.7864,0.0655,0.4584,0.0185,0.0665,0.0632
simulation_results/old/legacy_run_params_8N_Bipartite_Dense_LR0.0018973825577720538_SIGMA1.3106607895258173_INIT0.1942402847384792_NUMLAYERS3,Simulation,8N_Bipartite_Dense,8,legacy_run_params_8N_Bipartite_Dense_LR0.0018973825577720538_SIGMA1.3106607895258173_INIT0.1942402847384792_NUMLAYERS3,512,50.7812,100,0.3164,0.311,2.2148,2.1772,0.9797,1.1602,0.1043,0,1.9156,1.9132,0.0054,0.0376,0.1805,0.1043,0.0025
simulation_results/old/legacy_run_params_8N_Bipartite_Medium_LR0.003551614405932626_SIGMA1.3352557243570238_INIT0.8853914111571922_NUMLAYERS5,Simulation,8N_Bipartite_Medium,8,legacy_run_params_8N_Bipartite_Medium_LR0.003551614405932626_SIGMA1.3352557243570238_INIT0.8853914111571922_NUMLAYERS5,512,54.8828,100,0.3008,0.2887,2.1055,2.0212,0.9824,1.1318,0.1011,0,1.9172,1.9038,0.012,0.0843,0.1494,0.1011,0.0134
simulation_results/old/legacy_run_params_8N_Bipartite_Medium_LR0.012529922603919507_SIGMA1.4402562057733146_INIT1.9680596739001786_MAX_WEIGHT5,Simulation,8N_Bipartite_Medium,8,legacy_run_params_8N_Bipartite_Medium_LR0.012529922603919507_SIGMA1.4402562057733146_INIT1.9680596739001786_MAX_WEIGHT5,512,2.5391,100,0.5331,0.2887,3.7319,2.0212,1.0608,1.1318,0.3644,0,1.5033,1.9038,0.2444,1.7107,0.0709,0.3644,0.4005
simulation_results/old/legacy_run_params_8N_Bipartite_Sparse_LR0.0036836339453192304_SIGMA0.7428271054083595_INIT0.205636617535598_NUMLAYERS4,Simulation,8N_Bipartite_Sparse,8,legacy_run_params_8N_Bipartite_Sparse_LR0.0036836339453192304_SIGMA0.7428271054083595_INIT0.205636617535598_NUMLAYERS4,512,77.3438,100,0.2261,0.2256,1.5825,1.5789,0.9215,1.0006,0.0452,0,1.9347,1.9347,0.0005,0.0036,0.0792,0.0452,0
simulation_results/old/legacy_run_params_8N_Bipartite_Sparse_LR0.008104680980277149_SIGMA0.5060057247547819_INIT0.7277470256132488_MAXWEIGHT3,Simulation,8N_Bipartite_Sparse,8,legacy_run_params_8N_Bipartite_Sparse_LR0.008104680980277149_SIGMA0.5060057247547819_INIT0.7277470256132488_MAXWEIGHT3,512,75,100,0.2066,0.2256,1.4463,1.5789,0.8709,1.0006,0.047,0,1.8246,1.9347,0.019,0.1327,0.1297,0.047,0.1101
simulation_results/old/legacy_run_params_8N_Bipartite_Sparse_LR0.042174583320667126_SIGMA0.8175072163174264_INIT1.0464881642904231_NUMLAYERS1,Simulation,8N_Bipartite_Sparse,8,legacy_run_params_8N_Bipartite_Sparse_LR0.042174583320667126_SIGMA0.8175072163174264_INIT1.0464881642904231_NUMLAYERS1,512,75.3906,100,0.2311,0.2256,1.6177,1.5789,0.9209,1.0006,0.0493,0,1.9131,1.9347,0.0055,0.0387,0.0798,0.0493,0.0216
simulation_results/old/legacy_run_params_8N_ER_Dense_LR0.04206675941389984_SIGMA0.7206244967648459_INIT0.5521825859396434_NUMLAYERS1,Simulation,8N_ER_Dense,8,legacy_run_params_8N_ER_Dense_LR0.04206675941389984_SIGMA0.7206244967648459_INIT0.5521825859396434_NUMLAYERS1,512,0,0,0.752,0.7618,5.2642,5.3325,0.9633,1.0715,0.752,0.7648,1.2496,1.2386,0.0098,0.0683,0.1083,0.0128,0.011
simulation_results/old/legacy_run_params_8N_ER_Medium_LR0.011220685773844122_SIGMA0.6962179567887462_INIT1.810103830663358_NUMLAYERS5,Simulation,8N_ER_Medium,8,legacy_run_params_8N_ER_Medium_LR0.011220685773844122_SIGMA0.6962179567887462_INIT1.810103830663358_NUMLAYERS5,512,2.9297,0.5,0.4457,0.442,3.1201,3.0938,1.1064,1.2088,0.3956,0.3886,1.6627,1.669,0.0038,0.0264,0.1024,0.007,0.0063
simulation_results/old/legacy_run_params_8N_ER_Sparse_LR0.04522709518095061_SIGMA0.6587519702447917_INIT0.17944082088572766_NUMLAYERS1,Simulation,8N_ER_Sparse,8,legacy_run_params_8N_ER_Sparse_LR0.04522709518095061_SIGMA0.6587519702447917_INIT0.17944082088572766_NUMLAYERS1,512,54.4922,51.5,0.2257,0.2207,1.5796,1.545,0.9297,1.0407,0.1134,0.1312,1.8564,1.7864,0.0049,0.0346,0.111,0.0178,0.07